gene	Peri_vs_Esin	Bger_vs_Esin
M00163	13.5084436543365	4.86473477437852
M00161	12.6825164850235	5.58120210896155
M00570	12.6825164850235	10.537332719452
M00596	11.60283794797	6.99071416578468
M00019	11.3765371677604	10.1061965749355
M00145	10.4349135016867	8.16316106783268
M00535	10.3719899416475	10.0368637197043
M00797	9.9070086316104	5.65976387639703
ko00524	9.28826648243099	9.52753903731693
ko00365	9.08504270276392	8.30857723810189
M00416	9.06674736169682	3.76862448397003
M00127	8.90536037134389	0.143549743390048
ko02040	7.96810723313506	2.76448028045228
M00856	7.93668787278884	6.61742747584812
M00432	7.75667323422728	7.0601986467147
M00718	7.72513590503665	8.97417565512275
ko00633	7.67398852674068	3.85229777490658
M00153	7.65135053842615	8.8531088610401
M00847	7.4997942315803	2.23062138202124
M00344	7.47912369561069	10.0420925596487
M00150	7.14878295374171	5.29711403747249
M00642	7.01820010248185	5.61435326398562
M00899	6.92481747154558	1.49178133517717
M00162	6.79336157389637	8.29559255868247
M00815	6.79336157389637	6.30039559748259
M00877	6.6711740625685	9.09918722087544
M00072	6.11929660727086	3.19117342451317
ko02030	6.02101746283303	0.0268118230595271
M00029	5.86445599873675	4.55881328488139
M00800	5.68230886580206	5.09287285367582
M00649	5.13964050770344	0.797213004263473
M00803	4.98891626886038	4.09308335186012
M00838	4.91613241238897	5.2358969291389
M00866	4.81392880671358	2.50470482431521
M00308	4.66517959945147	3.76275834315834
M00705	4.60240434080736	8.42940612756853
M00550	4.58329584028732	9.37937269903355
M00814	4.46851848475937	3.38238078141907
M00702	4.46720090602707	4.68539675169534
ko00542	4.4655771957385	6.35678116971738
ko01054	4.29732444790109	7.25524605421531
M00134	4.20802812817459	0.128679031780908
M00014	4.11839282931412	2.45537399155543
M00769	4.11273225443554	-0.0902821389266913
M00895	4.09886235006258	0.358732609710319
M00076	4.02912231074909	7.59247632335434
M00165	4.0039470376639	-0.039998681757666
M00612	4.0039470376639	-0.039998681757666
M00031	3.96648280621364	0.192586755501135
M00569	3.9096156590182	5.58120210896155
M00001	3.7807566400294	-0.00414480801052257
M00763	3.67560940686721	0.0729974653957152
M00157	3.610434710244	1.20823190723921
M00796	3.56585273768803	-3.43742434787152
M00730	3.51723662277661	3.28248015661787
M00552	3.34303184574353	4.28262271972255
M00853	3.23181012902922	7.94813933218695
M00078	3.23181012902922	7.06172182165363
M00064	3.17012699469346	-0.761639246855089
M00060	3.16176987430787	3.03274662336093
M00627	3.13899684814568	4.20240130082247
M00075	3.09507395661791	4.16922205351014
M00798	3.02394450063749	2.22931293529339
ko01052	3.00816447131144	1.23977436969805
M00081	2.98292117251422	8.41725178222597
M00563	2.89726899251778	-1.01764556218864
M00077	2.66595937924149	4.21252192850939
M00939	2.6470382233865	3.05030608582681
ko03070	2.63027896333071	0.0992852781425949
M00345	2.49592348574307	0.985736914908088
M00922	2.48690558777134	1.10816780093328
M00620	2.47562044744306	-2.22429081373121
M00115	2.47160385896876	0.51569171479227
M00130	2.41434512496596	3.83867414075123
M00541	2.38452179579566	-0.0574038693446436
M00063	2.3597079107128	2.8991649713153
M00065	2.32387907233486	4.80179401777599
M00079	2.31154261177847	2.14517544456615
M00623	2.25221828662222	1.71071785447513
M00925	2.20062683596433	2.81092902051802
M00867	2.17720562742812	6.46217253358943
M00356	2.17720562742812	-2.25971752500779
M00778	2.17720562742812	3.27287988748452
M00621	2.10925443632972	0.0368837913106047
M00966	2.0788526720561	2.81560209137438
M00931	2.05306472592978	3.95974311971598
M00083	1.80986974935817	0.126133085319678
M00631	1.78104827930421	8.47308411219951
M00924	1.73326335653286	4.59654726435628
M00824	1.71510006507965	2.75786870677294
M00840	1.63416231554134	5.56018032562802
M00422	1.61238937474472	-0.301130149546884
ko00591	1.47818084391447	1.09108033653462
M00660	1.46547255473813	-1.6783397559782
M00968	1.46306406694437	0.743373318368873
M00790	1.4407254119569	5.50965685543374
M00003	1.35577842170978	-1.37332102272125
M00006	1.35287472583888	2.42875061021684
M00309	1.33678927780469	-0.368050633169986
M00746	1.24759351822386	3.61363820544699
M00377	1.21153419893246	0.639090911584679
M00575	1.20366727290996	3.02492578609553
M00142	1.19470735380086	-1.22037018516702
ko00590	1.17453374023668	-0.365880503395333
M00618	1.15227037365787	0.472968945547732
M00854	1.14162299487639	-4.56234378649093
M00947	1.08663645437488	0.00425865169676032
M00967	1.08192676169538	4.85861507360677
M00580	1.03892074602044	0.317856923089534
M00094	1.0290232527694	1.00051820914082
M00641	1.02522470424968	-0.223109347341388
M00542	1.01449840496894	-1.35848348381045
M00133	1.00258795839295	-1.08065816502324
M00896	0.944959213080397	-1.45884293476816
M00346	0.939651718094135	0.0607807515002865
M00124	0.934768677922951	1.28324366458783
M00004	0.917305261031874	0.0469288687244994
M00020	0.911602639024414	-0.574247422760458
M00890	0.859795466754803	-0.388028361082363
M00042	0.854378837494406	-1.03392991546816
ko00440	0.827016280898779	4.32042424770154
M00021	0.810968081304533	-2.18995795788047
M00698	0.798780926365955	1.00236517663745
ko03010	0.794019790474304	-2.73952430962635
M00857	0.787331491633719	0.691996980922594
M00357	0.776681272794427	-3.56138682361173
M00418	0.772559977399857	0.874233708224404
M00930	0.764874290539337	5.25805327622453
M00572	0.759980427136941	2.79070201490128
M00972	0.741810712938981	-0.264415234511372
M00825	0.722389364837052	5.7850944194256
M00909	0.685132738753598	-3.35170388894822
M00761	0.672366499142952	1.05515336501726
M00860	0.668263997745634	-0.183937368961558
M00985	0.66801349323382	4.3802898447389
M00577	0.642374479370767	6.87919161628823
M00837	0.60632368161773	3.03184406608419
M00802	0.60632368161773	4.24415048747017
M00643	0.592488033194878	3.24200138036737
M00030	0.57845571217423	2.32162742271789
ko03020	0.576977947578871	-1.52084411475432
M00173	0.565173887914433	-1.46405627135857
M00614	0.565173887914433	-1.46405627135857
ko02025	0.526231046824454	-0.394224293066958
M00144	0.526231046824454	3.4538817472543
ko02026	0.489454019611805	0.540006747470241
M00664	0.468497447864064	-0.0927873119955057
M00652	0.462132925252494	0.0607807515002865
M00919	0.462132925252494	0.470436590528906
ko02060	0.462132925252494	3.25962892644953
ko03060	0.432680112382114	-1.85676961616582
ko00121	0.432680112382114	-0.70930363043396
M00898	0.415747330042826	-2.18995795788047
M00615	0.390452968460375	0.32443230725871
M00799	0.348826288193755	0.0781356423421639
M00074	0.347619022307927	1.56439189414344
M00579	0.338368150043247	-1.26200142767629
M00358	0.337278979266442	-0.753848376880678
M00608	0.330511934138653	-0.734160664895856
ko00642	0.318859708347613	1.3012571975157
M00119	0.304138385490982	1.91549454355444
M00117	0.273826058359434	1.04396841509944
M00726	0.263462558113163	2.45805466907629
ko01051	0.229633074363388	6.1392566355773
M00725	0.226098026918423	1.60498043792774
M00097	0.216381864501274	-6.65982215828346
M00740	0.200246216304133	-3.87335327267077
M00549	0.184142848098841	-7.41329083175433
ko00511	0.178406099449208	1.54341731864486
M00532	0.176978457708663	-2.41352646525215
M00696	0.176775762888352	0.454748787520453
M00433	0.169330455291309	-0.64877775570567
M00152	0.133562372936068	-0.97409849704542
M00970	0.118474410852883	0.0764649948278841
M00989	0.095421679691422	1.41963491390773
M00787	0.0709203853781035	2.1123808688719
M00096	0.0704983495284589	-2.54249980657159
M00050	0.0621221119926313	0.577331779570003
M00048	0.0347870625534358	-5.00608092536223
M00171	0.029699763053019	0.571668139284128
M00049	0.0222920392042564	-0.914327626231256
ko00909	0.0135199798719699	0.214509619426454
M00801	0.00592147066530442	0.0970915370700958
M00744	0.00152386136654447	0.583711445605272
M00417	-0.00152386136654447	1.44542757122055
M00046	-0.00152386136654447	-2.44357509586147
M00914	-0.00152386136654447	-3.74098353418073
M00011	-0.0182884972400045	-0.608622858142683
M00639	-0.0236822470787129	-0.805511393921245
ko03430	-0.0272638514829543	-3.94486341450538
M00978	-0.0409050778234302	-5.79012975558495
M00617	-0.0418976916176649	-4.24415048747017
M00793	-0.0438199633508342	-2.11969610480528
M00672	-0.0492328796080591	0.151718108743148
M00052	-0.0497364559766056	-0.0781356423421639
M00122	-0.0613086218457931	0.166554779062737
M00008	-0.0716232660103388	2.70302717612832
M00918	-0.0750026896970553	0.930994713689888
ko02024	-0.092410386934376	0.505089762424217
M00567	-0.0991309019663098	-4.7159106629787
M00086	-0.118474410852883	-0.985736914908088
M00637	-0.132567860785857	-2.18995795788047
M00836	-0.133562372936068	-3.49401048888789
M00855	-0.134925438915645	-6.07908359200913
M00140	-0.15441982762227	-1.61063652236512
M00055	-0.15714803407349	-1.42455545140937
M00949	-0.169754572051635	0.0223528643819779
ko03018	-0.170140409112409	-3.15700724750337
M00375	-0.176775762888352	-0.705379964915976
M00697	-0.176978457708663	-3.53013636946511
ko00960	-0.180843773924818	-0.97409849704542
M00034	-0.184142848098841	-1.93419674548064
M00982	-0.201528384903385	-1.02281968390623
ko00401	-0.225241422702507	-0.136468801147747
M00745	-0.228991303408663	0.0268118230595271
M00804	-0.273826058359434	-4.40219697012665
ko03015	-0.273826058359434	3.81260603514321
ko03420	-0.340545226743241	-2.71405249713687
M00009	-0.374487116162982	-1.28288887936148
M00530	-0.384692431122823	-0.274462888930476
M00112	-0.41823929650771	0.434158691778304
M00537	-0.420568382342254	-0.285627519904347
M00538	-0.420568382342254	-0.285627519904347
M00156	-0.426549267563207	-1.25611627598187
M00673	-0.495016246152444	-2.81431509491598
M00992	-0.531073276544688	3.20508378418521
M00015	-0.541287379293586	-3.42898346794287
M00002	-0.554971080816185	-2.54804217950737
M00984	-0.555631224688911	-0.00848168928811977
M00879	-0.565173887914433	-0.0337625449924564
M00948	-0.579238466400452	-0.265078785572499
M00136	-0.606641343672736	-0.126133085319678
M00061	-0.609828159181399	3.00043668094305
M00959	-0.610079384893065	-4.55311466996692
M00609	-0.642374479370767	-0.861550695061779
M00093	-0.6482614208855	2.27805344995761
ko00552	-0.6482614208855	-1.91503967511944
ko03440	-0.6973422999916	-2.32147303832648
ko00970	-0.767679881549074	-7.09544058716339
ko03022	-0.777437331711706	-2.00427093111452
M00168	-0.797832033384755	1.25832888980931
M00938	-0.821722163092747	-2.44202746803946
M00169	-0.851065512298247	-1.9811729471687
M00159	-0.867668626188349	-5.58120210896155
ko03410	-0.895622845942844	-2.54804217950737
M00172	-0.896818826818211	2.28088539351198
M00704	-0.902776388626599	0.830059806319726
M00846	-0.90799910703182	-0.517603931193628
M00551	-0.913468678773691	0.118016622125069
M00844	-0.914278028328043	-5.37274575922957
M00988	-0.919820086638314	-0.766143077523894
M00533	-0.940020119294598	0.274462888930476
ko00550	-0.940020119294598	-1.78458580590378
M00983	-0.980854105803294	4.07817067207545
ko00643	-0.988756323689188	-0.833252723840438
ko03030	-1.01274515574149	-5.25805327622453
M00374	-1.01274515574149	-5.59710910173149
M00565	-1.0743231363021	-6.67810432375143
M00852	-1.08499812462441	2.37001600701488
M00811	-1.10555096848644	-0.0184144553270312
M00875	-1.13432499288589	0.0590982032774308
M00849	-1.21153419893246	-3.53492801904209
ko00364	-1.21373318466801	0.114599058593741
M00958	-1.23233133804356	-4.88250373190837
M00651	-1.27158251370294	-1.67782797573568
M00548	-1.40973671678294	-3.10314711355525
M00935	-1.41256079517485	-2.71416019486835
M00018	-1.41756080928405	-3.3834284684414
ko02010	-1.43598612693626	-0.669654578496086
ko00450	-1.44484145700945	-0.57973592773603
M00554	-1.46306406694437	-2.55661734343313
ko00830	-1.48259456335836	-2.13762538539068
M00118	-1.52695306700763	-0.705379964915976
M00564	-1.58382013029263	-0.952545233143004
M00053	-1.59693184267678	0.0221314311992064
M00098	-1.61313426985643	-4.52908678860305
ko00543	-1.61313426985643	0.0308913862763184
M00170	-1.65913065205045	1.33257760318131
M00950	-1.67496293362391	1.23596793291668
M00632	-1.68510548371337	-2.41991215616729
M00700	-1.70197873768794	-0.435576218240098
M00095	-1.85799152682665	-3.20702336254742
ko04122	-1.90019863094431	-4.58205505317808
M00089	-2.00433538573218	-2.8183593840495
M00123	-2.0167313581602	0.952443953790099
M00926	-2.0167313581602	-0.556882168937703
M00903	-2.02767978562045	-4.58205505317808
ko03050	-2.02892700956298	-1.8050087856161
M00913	-2.07036143330294	-1.73362283147516
M00040	-2.07504042451333	0.039998681757666
M00529	-2.17612003304272	-2.83159669671515
M00010	-2.26904803140481	-2.97933273456488
M00951	-2.28444526635377	-1.90734611862659
M00364	-2.33676782683273	-2.46413111552828
M00888	-2.39416253583387	-2.73050695346561
M00149	-2.41367151484021	-1.3049392737236
M00051	-2.41639862210337	-2.74343629968841
M00099	-2.42340763329389	-1.73073732116667
M00373	-2.47160385896876	-3.25063766456656
M00616	-2.55521190497289	-4.01003375140629
ko00791	-2.61120537463832	1.91521248297283
M00805	-2.63460486042169	1.45884293476816
M00841	-2.65907446508693	-4.56076773977701
M00101	-2.78718473204667	0.00832881996280045
M00378	-2.8113780888552	-6.51702001954105
M00526	-2.93712964395035	-1.49812755293347
M00100	-3.02962536909363	-7.13621227203092
M00960	-3.06661920847446	-2.9725362382931
M00880	-3.06981470889432	-6.4213628606901
M00045	-3.13899684814568	-2.0984162991974
M00883	-3.16176987430787	-7.92185643815845
M00007	-3.23196778906512	-1.60498043792774
M00415	-3.31644122605811	-0.728480719517214
M00823	-3.3309498629042	-0.800507472377024
M00176	-3.36954423853027	-3.52948815881297
M00120	-3.67038416462687	-2.03186720987223
M00975	-3.70475930276474	-2.7235878926911
M00088	-3.70853372601254	-4.72820896794534
M00022	-3.73849146385008	0.775881225994129
M00835	-3.75794895605583	-0.102743364856462
ko00903	-3.77079244582418	-3.21242910236952
M00028	-3.77273507133055	-5.67565795878177
M00151	-3.77273507133055	-8.48463655738638
M00116	-3.83932596600078	0.982794419199117
M00568	-3.83932596600078	2.13021936354178
ko00907	-3.93127142050892	-5.13252988733691
M00026	-4.04757682523489	-9.49546198761308
ko00514	-4.22427894822186	-8.51439076222966
M00781	-4.22428052992071	-4.69847736701797
M00956	-4.25554679089115	-1.54077686410027
M00307	-4.36874369689759	-9.37937269903355
M00545	-4.36874369689759	-1.86261065220686
M00622	-4.36874369689759	-0.775881225994129
M00876	-4.38329844349362	-7.40486060955674
ko01055	-4.41515974577649	-5.72757770289903
M00525	-4.46851848475937	-5.57425941395703
M00783	-4.50010043667552	-5.35899795548759
M00540	-4.60240434080736	-6.83999866859577
M00741	-4.60240434080736	-7.70422033001079
M00036	-4.60242103487315	-9.4199298829346
M00780	-4.7073726071742	-2.46612464177586
M00833	-4.81361298329169	0.728030940018526
M00527	-4.92698670270528	-2.37001600701488
M00365	-5.04499925277822	-2.59801615572663
M00932	-5.146865673286	0.243580087360785
ko03450	-5.1587884400074	2.01931965647276
M00126	-5.20548263635655	-1.35395512966207
M00044	-5.41049951267744	-9.11377816450749
M00154	-5.41055852804836	-1.13084571062244
M00027	-5.47100309968961	-4.11773512039919
M00546	-5.5057432935515	-6.78690361149619
ko00363	-5.51767777588327	-2.42963394181862
M00573	-5.58150486460302	-2.18024797052481
M00338	-5.64275245045683	-7.70422033001079
ko00908	-5.64275245045683	-5.38366182588242
M00012	-5.85794326279853	-6.23534118269355
M00038	-5.93246092403476	-3.04387186731365
M00543	-5.97448055139999	-5.59710910173149
M00376	-6.02940092198644	-5.05005033640513
M00613	-6.02940092198644	-5.05005033640513
M00779	-6.19900447850124	-7.58354463998883
M00024	-6.28598087443009	-3.61363820544699
ko00983	-6.32952935737968	-6.93763030748436
ko00980	-6.36238865122339	-0.775881225994129
M00957	-6.45450042824787	-7.37359883756707
M00912	-6.50650926710911	-5.77567326588937
M00032	-6.53636339646272	-5.35422192258917
M00531	-6.64120758362244	-2.19726710980014
M00016	-6.64120758362244	-4.80179401777599
M00025	-6.88933992495351	-7.22470196849461
M00845	-7.08300083509903	-7.92185643815845
M00035	-7.1471327294557	-9.4199298829346
M00923	-7.16006125137597	-8.90273482720017
ko01053	-7.16937162247703	-4.04919090390333
M00850	-7.20279978837759	-3.5713456247
M00878	-7.22183590280606	-4.32042424770154
M00973	-7.22183590280606	-10.1416574426075
M00023	-7.27107807412183	1.3049392737236
M00916	-7.47912369561069	-2.45038345491057
M00990	-7.74252445400045	-10.537332719452
ko00930	-7.93668787278884	-7.41395352733062
M00017	-8.02242757588877	-3.21490831903669
M00921	-8.3480893783806	-7.41329083175433
M00539	-8.3480893783806	-7.27089204919723
ko00982	-8.46015791784139	-3.68784704535681
M00113	-8.54168873136575	-7.41395352733062
M00861	-8.54168873136575	-7.41395352733062
M00087	-8.577242955846	-8.67453681327319
M00082	-8.78107544539964	-10.3136867782829
M00595	-8.93432963504442	-7.40486060955674
M00842	-9.04606562381171	-8.77077989673402
M00843	-9.04606562381171	-8.77077989673402
M00887	-9.19299269909858	-9.72050955492419
M00175	-9.19299269909858	-6.17251698612159
M00085	-9.52865014468734	-3.56138682361173
M00033	-10.0270179721797	-9.85529779742859
M00736	-10.0434974294892	-9.6047076744996
M00155	-10.0669248572937	-9.54296217080162
ko00571	-10.184834269359	-10.122715632743
M00013	-11.354707080537	-11.3167349733927
M00886	-11.3765371677604	-10.7775804609505
M00555	-11.3956052320707	-10.1416574426075
ko00625	-11.6947076344346	-7.61510837952912
M00544	-11.6947076344346	-7.51453704051418
M00885	-11.6947076344346	-10.7775804609505
M00889	-13.7395527513128	-10.7775804609505
ko00984	-14.5516781630693	-12.6144107216112
M00830	-19.1168460889278	-13.1771101144238
