wild01	wild02	wild03	wild04	wild05	wild06	wild07	wild08	wild09	wild10	lab01	lab02	lab03	lab04	lab05	lab06	lab07	lab08	lab09	lab10	fam01	fam02	fam03	fam04	fam05	fam06	fam07	fam08	fam09	fam10	res01	res02	res03	res04	res05	res06	res07	res08	res09	res10	hos01	hos02	hos03	hos04	hos05	hos06	hos07	hos08	hos09	hos10
wild01	0	11.3334227397547	44.0668895853172	11.4587472797148	9.96870508133313	5.25280054789826	11.5008628780647	17.736062574451	11.5339707543266	6.65373245923055	124.380471986525	132.772065556388	136.434617632432	115.950029129618	126.575650165152	143.769174790993	134.44161168837	144.04091031153	116.486040556694	134.406847342794	144.428621162479	125.951849232023	152.931339861657	137.549147439574	144.730279150514	145.959534521915	147.145025805168	130.687579511267	145.382866944023	136.128148473198	146.109165971883	150.783686256206	146.68380065981	169.401217119125	130.7684844277	152.287485585958	149.418964317851	154.441727796538	152.998439665562	144.941089587641	166.5633842681	171.650576571193	155.350609633695	181.102427740234	179.672506604173	185.623816406127	154.032219336342	167.219925556475	168.500817267361	154.371364570498
wild02	11.3334227397547	0	54.9148655647657	5.67926161950431	5.51470730477589	6.49066917378194	22.60675840106	28.5766892741599	2.7961357313391	7.21853542621355	125.064857468772	135.877666256278	139.736823992768	118.624634539657	128.396273464925	147.12259806315	136.803889658669	146.067192320648	118.996284012947	136.840703925977	148.892742547084	130.870533406065	157.741416075442	141.81195877709	149.333856646543	150.829166532071	151.951211244937	134.057682455715	150.598059864131	140.728421583713	152.903670673548	157.589888289708	153.299545547514	176.494185020321	136.736448915945	158.739036965032	156.690220731734	161.401170145539	160.283577789531	151.619150101648	174.361126740108	179.375030361103	162.937362887741	188.880663707315	188.217120061929	194.217989090438	161.944033653534	175.302995495685	176.712139237397	161.859870580642
wild03	44.0668895853172	54.9148655647657	0	54.8140383287761	53.8004591947259	49.0188076661412	32.9187673731636	26.5046807047438	55.5614748758473	50.4340130463388	132.318805785306	130.471949601206	134.04798072112	111.799998519227	128.069333379008	136.742744269424	127.620709858468	139.221593356679	116.574234470041	136.677350717575	137.009353717146	118.10639273736	138.266818925266	124.382342826188	129.598882746622	136.695876097171	133.599607991626	127.097895755363	127.251301132146	127.159659405074	125.848087941698	129.681281501583	125.893970705109	144.198638757513	113.15428714841	134.087581507006	127.191786061905	132.632956555931	131.199855331568	127.815068122481	142.199215318996	147.047450079478	129.564074751549	153.516193080131	151.332739155165	157.63904650772	125.193679655697	138.468073066184	143.867245919727	133.402754209565
wild04	11.4587472797148	5.67926161950431	54.8140383287761	0	3.05914324877697	6.47438521581675	21.9748145454628	28.8869501350045	4.23995169287405	6.37664770616774	120.34133712162	131.263591529613	134.927559110931	115.361194868203	124.165669685873	143.288904406952	134.403903102022	143.189505149307	114.662332663118	131.77693027185	144.132964262754	126.123225530749	154.323420438913	138.880648982387	146.456344506555	146.125449864179	148.305566722122	129.544961296044	147.890914588714	136.300490709932	149.06083722304	153.880345112919	149.739559798755	173.385141516133	133.24524714638	154.63927382772	152.868078607583	157.6858246124	156.321209256168	147.220538177565	170.461728068551	175.538198229793	159.634239212011	185.646794407045	184.578105412629	190.448090231546	159.159957989378	172.20188973285	172.618620922589	157.595156589643
wild05	9.96870508133313	5.51470730477589	53.8004591947259	3.05914324877697	0	5.42576261022227	20.9208973929687	27.6417144310102	3.37124085763768	3.83261912079269	122.667030304938	133.262317542761	136.813596225426	117.653755127477	126.490898959172	145.41864046366	136.749827182654	145.614168864444	116.845433820836	133.696716965037	145.780929088941	127.646354833513	156.180709271172	140.86966543352	148.371511683736	147.693405711458	150.142165563462	131.523187227602	149.657253225814	138.031832527994	150.315949267522	155.157987569531	151.095845863553	174.638717668075	134.78892826039	155.94990539019	153.966877885305	158.914438661345	157.383083555161	148.351909458554	171.350334608345	176.47533050757	160.704465680685	186.665467556558	185.221123553105	191.030591701072	160.141275615334	173.114169713458	173.251886420828	158.473295646335
wild06	5.25280054789826	6.49066917378194	49.0188076661412	6.47438521581675	5.42576261022227	0	16.3481409015033	22.7891034646502	6.65398531215041	3.72204488390344	123.08315091808	132.643217772315	136.377255447173	115.83954278734	125.886683525679	143.901335583751	134.386508782235	143.727527056552	116.097677067558	133.900501314381	144.954423128301	126.692423106908	153.866107852977	138.304569229686	145.671193914749	146.696037069844	148.028819156916	130.700283150093	146.66603603472	136.763002741809	147.961142749132	152.668564616363	148.496764867034	171.561877980162	132.253687336071	153.921663099758	151.524468632114	156.406643771584	155.08909970241	146.643152507497	168.941421712683	174.001842020463	157.721718618959	183.597747308362	182.500227665134	188.459321474819	156.681696278248	169.897817043528	171.075083468849	156.525205541687
wild07	11.5008628780647	22.60675840106	32.9187673731636	21.9748145454628	20.9208973929687	16.3481409015033	0	7.72567850827689	22.8987999911421	17.6836118591993	122.82696279454	128.617107480068	132.227683251527	111.628793433612	123.48237974369	138.824960280463	130.036078939698	140.034405338223	112.8498005564	131.309159358034	139.04788443551	120.268028623015	146.375288952494	131.41154137317	138.216920595215	140.158106739271	140.716048841894	126.214905132342	138.247946355197	130.399857637487	138.035090204772	142.60718824849	138.604325611266	160.662466663262	123.291202101023	144.635713977455	140.938881996476	146.130816480578	144.588440961333	137.370851262677	157.695148850223	162.778617520268	146.327845337909	171.844817687628	170.099792116513	176.108177061841	144.555830891431	157.70147379231	159.524744591206	146.053803486387
wild08	17.736062574451	28.5766892741599	26.5046807047438	28.8869501350045	27.6417144310102	22.7891034646502	7.72567850827689	0	29.2013298141733	24.190074236919	127.611294897515	131.934033346678	135.636924589588	113.838838297236	127.112339218857	141.044555071482	131.332131873626	141.965051429779	116.314005615275	135.492669667242	141.714853040829	122.826315231675	147.236806176568	132.150653757158	138.644540060684	142.527187289638	141.875732962086	129.289670751977	138.117661929536	132.660543349104	138.297014521181	142.671346580538	138.625911022331	159.750587756103	123.726325725416	145.360315277224	140.884807637706	146.092221747183	144.676439293065	138.389516090136	157.346519745246	162.36750346441	145.429988116671	170.634855519155	168.962174310027	175.085930827708	142.856279742644	156.217068250566	159.194082022116	146.403341464666
wild09	11.5339707543266	2.7961357313391	55.5614748758473	4.23995169287405	3.37124085763768	6.65398531215041	22.8987999911421	29.2013298141733	0	5.9993108291194	124.502388883046	135.459527953366	139.14836812626	119.12745897844	128.268684176853	147.271420834459	137.777645081959	146.791435651043	118.799125170134	136.015769978727	148.303718155133	130.256592704379	158.103576029884	142.472558132981	150.011335054866	150.263640412504	152.171983388071	133.716831477924	151.334509087517	140.408833335483	152.826797455246	157.605063448139	153.433593015066	176.856848652151	136.97056820988	158.518036635325	156.564837099992	161.394713005328	160.053607324698	151.123669659306	174.096173980824	179.172723173303	163.115462439284	189.080456873256	187.999355479834	193.886641519487	162.378827848789	175.532306997141	176.193180509671	161.345531228528
wild10	6.65373245923055	7.21853542621355	50.4340130463388	6.37664770616774	3.83261912079269	3.72204488390344	17.6836118591993	24.190074236919	5.9993108291194	0	124.165199198893	133.944089337037	137.454107044657	118.222802908262	127.542599248461	145.886862449988	137.231051019694	146.325544299148	117.678978071775	134.658321472026	146.009709475306	127.701832926617	156.060804650077	140.829904766443	148.202558089073	147.770094966087	150.068796031969	132.098573184257	149.233265905441	138.165800182455	149.554156873901	154.369383536144	150.349688195743	173.625977775709	134.263404641405	155.361286024838	153.019888290434	158.069693582338	156.453771341708	147.71499021663	170.211431499433	175.357299510384	159.541945777273	185.418433426085	183.739273369926	189.547162288783	158.74352316979	171.719321042237	171.965798364808	157.502409992781
lab01	124.380471986525	125.064857468772	132.318805785306	120.34133712162	122.667030304938	123.08315091808	122.82696279454	127.611294897515	124.502388883046	124.165199198893	0	30.531337820336	33.5921508663385	52.5981414674666	24.0889404857215	52.5009673130543	76.9361635123505	68.4779962880804	26.6356808098835	26.1657337480558	51.3101848063843	49.0934468370832	77.8635752790752	75.9037659112992	82.9688995353751	57.0336860657282	69.9418488774611	33.6928207285955	91.1328276688367	50.1599057401168	85.8807844136753	90.3230965929375	87.9906017163132	114.375924538709	74.9754362138332	82.9042930976353	93.5728579255058	94.1715033710195	94.6656384615374	79.9886959034454	110.676811107037	113.691421026512	107.089568704183	128.057326149239	132.273451977219	136.791084764722	117.527610614968	123.317802285672	117.688976339413	97.1178901956402
lab02	132.772065556388	135.877666256278	130.471949601206	131.263591529613	133.262317542761	132.643217772315	128.617107480068	131.934033346678	135.459527953366	133.944089337037	30.531337820336	0	9.62046520039302	45.118638913828	21.3564108501032	31.1426528764547	68.4131300875447	59.5661078006734	20.4538694989804	21.8252319566477	23.5236243768179	25.3788472260632	52.5315368980655	57.0451179907385	62.1834665244775	28.5418951465569	43.5058530901163	5.33474830839342	69.2804316785217	20.1687382325568	56.6388503082407	60.9024324331093	59.4297555559633	85.5701973409314	49.7319782239034	52.75383420157	64.3749250820501	64.4901885626251	65.2145799651125	51.733224648216	80.9865039100099	83.619401592102	78.3795716641208	98.164440316243	102.695890052532	107.360409326742	90.4150346650263	94.3082259158573	89.4044978137152	68.9409429399795
lab03	136.434617632432	139.736823992768	134.04798072112	134.927559110931	136.813596225426	136.377255447173	132.227683251527	135.636924589588	139.14836812626	137.454107044657	33.5921508663385	9.62046520039302	0	54.4602444631671	30.1334346279538	38.7014160925363	77.7655630135136	68.6783816797193	28.6547101718448	16.2057880357704	17.7507173866422	22.6825084891497	58.1016752730583	64.9691112445267	69.4809963779091	23.6104277256689	48.8275522997493	13.5048681561115	76.0557067778551	21.5527909089886	57.392952145394	62.1154107863241	61.9010951940235	88.0244149709383	54.4989491682591	52.0244552054131	64.3034768258855	65.2432804814425	64.1360838092101	48.7698024401808	79.070141342901	81.9846677125024	79.9676188535831	98.895907564809	100.7594095312	104.624674716054	93.2174788607911	95.5039772634735	85.8500987525901	65.6180817295209
lab04	115.950029129618	118.624634539657	111.799998519227	115.361194868203	117.653755127477	115.83954278734	111.628793433612	113.838838297236	119.12745897844	118.222802908262	52.5981414674666	45.118638913828	54.4602444631671	0	31.7239467947176	33.4160822704001	28.9716527700208	30.5362967281152	30.0404266460011	63.3157927986089	62.5731276183614	56.1851775562819	46.8031684661646	30.996256824594	39.8430135417302	64.5932674649934	43.0849476981495	41.2405476445149	47.0238671881026	47.9889609425448	66.3561425458134	68.1208533441931	61.6086705838805	83.2600903702865	43.4602978318594	70.0031763071401	74.9672794928214	72.7823227006242	79.6508592530486	75.095945645244	96.2819077328701	97.9974436570206	79.3519436127798	101.600935873066	115.421532660858	123.02059428932	83.0481092522349	94.72303267507	109.183281441536	90.2579580075597
lab05	126.575650165152	128.396273464925	128.069333379008	124.165669685873	126.490898959172	125.886683525679	123.48237974369	127.112339218857	128.268684176853	127.542599248461	24.0889404857215	21.3564108501032	30.1334346279538	31.7239467947176	0	29.9653937317282	54.7335261894051	46.0027538674182	12.6982472274309	35.0847896509142	44.5050087817533	43.1173511171999	55.3161141903871	52.1570495311867	59.1748577957969	49.027974848221	48.2542998016442	21.145692112987	67.702371614517	36.6836771176917	69.6038936936655	72.9035224463144	69.2482223572072	94.081868003761	55.2734051319698	68.1481769896007	78.2072486670535	77.0764079723192	80.4985999309588	69.6455983379465	97.0045358151329	99.1978625338228	88.8896307562818	109.599387059695	118.344122008489	124.049095679654	98.0458662517802	105.050727152804	107.239587588852	86.8021978941823
lab06	143.769174790993	147.12259806315	136.742744269424	143.288904406952	145.41864046366	143.901335583751	138.824960280463	141.044555071482	147.271420834459	145.886862449988	52.5009673130543	31.1426528764547	38.7014160925363	33.4160822704001	29.9653937317282	0	44.5906378002417	33.9095180998613	34.1065645421568	52.2816779746517	41.7721579597113	46.1973555009065	26.7326068246571	31.2914652605909	35.1438049404069	43.3335112674397	21.4072238960251	27.9705535223318	43.9937959418538	29.693802580793	51.2295288655257	52.0939570877402	47.8025170936047	68.0711866904264	37.9642920597727	50.1915628552816	60.3335864649782	55.9996354650005	63.3348712391659	58.8681538335879	78.5833016393754	79.1241006218761	67.2283159545944	84.6867117956024	98.9210895745497	105.414695145675	76.3331312523883	82.32269994718	92.6213648291363	74.0204088659545
lab07	134.44161168837	136.803889658669	127.620709858468	134.403903102022	136.749827182654	134.386508782235	130.036078939698	131.332131873626	137.777645081959	137.231051019694	76.9361635123505	68.4131300875447	77.7655630135136	28.9716527700208	54.7335261894051	44.5906378002417	0	17.3308969744482	57.1451277233753	88.1788788904024	83.5046346028859	80.7965375664155	47.9549436903415	27.5535804860363	33.4070428512578	84.7025684533239	50.1965346559207	64.63623022467	40.2939150695263	68.5186337620698	78.5894759866888	77.7857949283571	70.1783781690524	83.0844888107513	55.3643510683884	83.2828153557197	86.9671719975029	81.9944336848471	92.4699566819681	93.1282376066199	107.270083667568	107.356979412847	85.351881725077	103.410067802304	124.249935826226	132.748183621341	85.2919696834368	98.2889701594797	123.136068120439	106.320790637847
lab08	144.04091031153	146.067192320648	139.221593356679	143.189505149307	145.614168864444	143.727527056552	140.034405338223	141.965051429779	146.791435651043	146.325544299148	68.4779962880804	59.5661078006734	68.6783816797193	30.5362967281152	46.0027538674182	33.9095180998613	17.3308969744482	0	51.7587411865181	78.9826687847888	75.0443945376305	75.890852560609	42.8949623538058	29.7454256582482	34.8936211220156	76.8128818176421	44.6201600037588	56.592744475094	44.322834214858	61.749879328654	76.7515897439988	76.0553218604731	69.3784251282878	83.1884818374633	56.3478306212484	79.1037228551772	85.6382466858333	80.1147984426605	90.2686964488599	89.3406075859076	105.042698507231	104.863990740489	86.3340685629502	102.941683171828	123.276369434563	131.089244582322	89.3882244128055	99.8318373490325	120.891221565217	103.419938884832
lab09	116.486040556694	118.996284012947	116.574234470041	114.662332663118	116.845433820836	116.097677067558	112.8498005564	116.314005615275	118.799125170134	117.678978071775	26.6356808098835	20.4538694989804	28.6547101718448	30.0404266460011	12.6982472274309	34.1065645421568	57.1451277233753	51.7587411865181	0	34.0057623458057	41.8286194252792	35.1646046660071	55.9874511880796	51.788053883471	59.0904928424926	45.8054223418652	47.9671577905158	18.6746930377367	66.3334015601857	32.7095385943345	64.1944872375847	68.2694323604626	64.6775865279154	91.233005701762	49.5961655208521	63.8043668873628	72.3515590881303	72.5539993190956	74.7959956640896	63.2532616137389	91.6838627253344	94.5463915610428	83.6985594643693	106.121743329666	112.768343256307	118.538182652708	92.5197102051691	100.060984345801	100.859320031998	80.3090285873579
lab10	134.406847342794	136.840703925977	136.677350717575	131.77693027185	133.696716965037	133.900501314381	131.309159358034	135.492669667242	136.015769978727	134.658321472026	26.1657337480558	21.8252319566477	16.2057880357704	63.3157927986089	35.0847896509142	52.2816779746517	88.1788788904024	78.9826687847888	34.0057623458057	0	30.9294232687379	32.6489694743057	73.7426836259097	78.7065192131863	83.9889815177336	36.8205743488299	64.5840287030295	26.5507954888099	90.9054129845276	37.2554529327301	72.3873791123239	77.5190294789643	77.4848863410857	104.021793676174	69.2121882250931	66.9146058527892	78.7654284182135	80.5558122896239	78.1773999917522	61.151772259404	92.6326212761789	95.9872450962198	95.17872864209	114.368907224702	114.062853717425	117.254544104411	108.344323815488	110.673437283172	97.2995804507308	77.4053229267908
fam01	144.428621162479	148.892742547084	137.009353717146	144.132964262754	145.780929088941	144.954423128301	139.04788443551	141.714853040829	148.303718155133	146.009709475306	51.3101848063843	23.5236243768179	17.7507173866422	62.5731276183614	44.5050087817533	41.7721579597113	83.5046346028859	75.0443945376305	41.8286194252792	30.9294232687379	0	19.3243912660358	53.3730133364192	65.2895652047874	67.8390233625623	6.13026038918793	44.132158850167	23.9554480517519	72.7726445115114	16.3379214542213	44.5332148955341	49.3618500613271	51.0855679878111	76.0352887415954	48.9775247241784	37.1012083587082	50.3032949977079	51.6932250017309	48.9593600324212	33.3114257990002	62.6935095098361	65.5738637262322	67.3512757615973	84.4574214304915	84.2617339694015	87.6279596726095	82.2970394223899	81.9711417333899	69.1376161637709	49.4042604952792
fam02	125.951849232023	130.870533406065	118.10639273736	126.123225530749	127.646354833513	126.692423106908	120.268028623015	122.826315231675	130.256592704379	127.701832926617	49.0934468370832	25.3788472260632	22.6825084891497	56.1851775562819	43.1173511171999	46.1973555009065	80.7965375664155	75.890852560609	35.1646046660071	32.6489694743057	19.3243912660358	0	57.1632609048942	63.4049596541884	67.346776020504	20.1982035993773	47.3634569804386	23.835789787496	71.2568589873371	18.2873658409833	43.4603953530297	49.6295321815522	50.1169988994859	78.065733897046	43.4909144613903	40.2510344908797	48.9460490573891	52.6743230276657	48.8881266937401	32.2213454217589	64.3261889324004	68.4841839175536	65.9017759639558	87.2268499966159	85.3241875480257	89.4598720049941	78.786626465791	81.2970542382143	69.4074325656037	48.8860953074344
fam03	152.931339861657	157.741416075442	138.266818925266	154.323420438913	156.180709271172	153.866107852977	146.375288952494	147.236806176568	158.103576029884	156.060804650077	77.8635752790752	52.5315368980655	58.1016752730583	46.8031684661646	55.3161141903871	26.7326068246571	47.9549436903415	42.8949623538058	55.9874511880796	73.7426836259097	53.3730133364192	57.1632609048942	0	23.2002657950237	19.4799795725855	51.7234608967337	9.84544633997688	48.4001838515735	24.2761327621113	40.5061242946417	38.4613621279604	35.8836885252737	30.2952037836095	43.0867458906333	27.7751769919933	40.6686794507221	46.577587147628	39.2006308621039	50.9141319845516	55.2537664108335	63.7511283091719	62.7658816642035	46.6292777502219	61.4072907234586	81.3257128992943	88.9884096671751	53.8213609183141	59.8655881118551	80.9454512216125	65.8803409475174
fam04	137.549147439574	141.81195877709	124.382342826188	138.880648982387	140.86966543352	138.304569229686	131.41154137317	132.150653757158	142.472558132981	140.829904766443	75.9037659112992	57.0451179907385	64.9691112445267	30.996256824594	52.1570495311867	31.2914652605909	27.5535804860363	29.7454256582482	51.788053883471	78.7065192131863	65.2895652047874	63.4049596541884	23.2002657950237	0	8.89280375787481	64.8437460779777	25.7813216266381	52.333936531503	17.0567605024294	49.6743189121089	51.8765730115172	50.50047913317	42.8440117492285	56.7573461559079	30.1319490552486	57.1874102444633	60.0400928379581	54.6016111924864	65.6492122115068	68.6248249362987	79.9295982965344	79.8698087948534	58.1934164992816	76.6854713575026	96.7640848505217	105.232001571634	60.0112962484434	71.6046801378509	96.2748947656356	80.3782860298283
fam05	144.730279150514	149.333856646543	129.598882746622	146.456344506555	148.371511683736	145.671193914749	138.216920595215	138.644540060684	150.011335054866	148.202558089073	82.9688995353751	62.1834665244775	69.4809963779091	39.8430135417302	59.1748577957969	35.1438049404069	33.4070428512578	34.8936211220156	59.0904928424926	83.9889815177336	67.8390233625623	67.346776020504	19.4799795725855	8.89280375787481	0	66.751194810427	25.0873680405583	57.523450135575	10.2262967458063	52.7893737042716	49.9801541708707	47.4599196564818	39.8521536225784	49.8325568929679	30.9688783766131	55.4741802704106	57.6423100502411	51.1357910560087	63.3182028827763	68.6023176868335	76.3864142818212	75.6734553047142	53.6271575657175	70.1105307686827	92.228407280246	100.851495116005	54.9042876777424	65.9782548558837	93.6119005858753	78.9778737381815
fam06	145.959534521915	150.829166532071	136.695876097171	146.125449864179	147.693405711458	146.696037069844	140.158106739271	142.527187289638	150.263640412504	147.770094966087	57.0336860657282	28.5418951465569	23.6104277256689	64.5932674649934	49.027974848221	43.3335112674397	84.7025684533239	76.8128818176421	45.8054223418652	36.8205743488299	6.13026038918793	20.1982035993773	51.7234608967337	64.8437460779777	66.751194810427	0	42.6572477051839	28.1502328181914	70.9577189636387	16.779656791915	39.4796683377803	44.3665893071625	46.7468816081798	71.292183458577	46.5019996810697	31.5217475316931	44.7900876268408	46.4266407412438	43.1216156533192	27.6149376032784	56.6023974805781	59.5183571090038	62.2129973232498	78.9356705981022	78.1480390848838	81.504554935603	77.574580541331	76.5282088262919	63.1559239897681	43.4937123847576
fam07	147.145025805168	151.951211244937	133.599607991626	148.305566722122	150.142165563462	148.028819156916	140.716048841894	141.875732962086	152.171983388071	150.068796031969	69.9418488774611	43.5058530901163	48.8275522997493	43.0849476981495	48.2542998016442	21.4072238960251	50.1965346559207	44.6201600037588	47.9671577905158	64.5840287030295	44.132158850167	47.3634569804386	9.84544633997688	25.7813216266381	25.0873680405583	42.6572477051839	0	39.2489143147651	30.2144618162418	30.731055149528	33.6827702625735	32.8106525505913	27.8051307648344	46.7974933133519	22.9511080579829	34.9869327819765	42.5187773413644	36.6292125940196	46.4578762383084	47.8325099513442	60.8247222713976	60.7538610619298	46.4837425475272	63.7355785882182	79.9119821117388	87.1579379820893	55.6164746269734	61.1605827274299	76.7675214609478	60.1099531186448
fam08	130.687579511267	134.057682455715	127.097895755363	129.544961296044	131.523187227602	130.700283150093	126.214905132342	129.289670751977	133.716831477924	132.098573184257	33.6928207285955	5.33474830839342	13.5048681561115	41.2405476445149	21.145692112987	27.9705535223318	64.63623022467	56.592744475094	18.6746930377367	26.5507954888099	23.9554480517519	23.835789787496	48.4001838515735	52.333936531503	57.523450135575	28.1502328181914	39.2489143147651	0	64.3989530157118	16.8652085516624	52.6885821706899	56.8799175256839	54.9910878701169	81.3690368354924	44.5870116116015	49.6109933679336	60.6443010980594	60.6413268831731	61.916118698251	49.3246648118209	78.0452270380002	80.6547231646327	74.0785058187582	94.4133933068738	99.6661157403717	104.699008924295	85.6714184385121	90.135043974417	87.077044271466	66.5710636685607
fam09	145.382866944023	150.598059864131	127.251301132146	147.890914588714	149.657253225814	146.66603603472	138.247946355197	138.117661929536	151.334509087517	149.233265905441	91.1328276688367	69.2804316785217	76.0557067778551	47.0238671881026	67.702371614517	43.9937959418538	40.2939150695263	44.322834214858	66.3334015601857	90.9054129845276	72.7726445115114	71.2568589873371	24.2761327621113	17.0567605024294	10.2262967458063	70.9577189636387	30.2144618162418	64.3989530157118	0	57.764437622819	48.2554618866181	44.9810240203122	37.1190767026705	43.4704663349848	30.5976141264022	55.3272624681321	54.8499106010408	48.2948927065756	60.9967827573029	68.8081751280912	72.9286024510844	72.0142780362686	47.7632226433427	63.9117385979983	87.093960840448	96.1409962958329	46.5568909836302	58.9010330060263	90.4257191428399	77.3412923021861
fam10	136.128148473198	140.728421583713	127.159659405074	136.300490709932	138.031832527994	136.763002741809	130.399857637487	132.660543349104	140.408833335483	138.165800182455	50.1599057401168	20.1687382325568	21.5527909089886	47.9889609425448	36.6836771176917	29.693802580793	68.5186337620698	61.749879328654	32.7095385943345	37.2554529327301	16.3379214542213	18.2873658409833	40.5061242946417	49.6743189121089	52.7893737042716	16.779656791915	30.731055149528	16.8652085516624	57.764437622819	0	36.5953352712802	41.0504137949417	40.3799496014022	66.9964132746714	34.1783849833335	32.8028835353556	44.2624832004862	44.5122419913692	45.2034950995207	33.5256291640055	61.2047919695236	63.8006997455701	58.7259950202643	78.5472356392323	82.8433694400401	87.9139223406557	71.7297148036947	74.489942117872	70.8174454426903	50.5232264756576
res01	146.109165971883	152.903670673548	125.848087941698	149.06083722304	150.315949267522	147.961142749132	138.035090204772	138.297014521181	152.826797455246	149.554156873901	85.8807844136753	56.6388503082407	57.392952145394	66.3561425458134	69.6038936936655	51.2295288655257	78.5894759866888	76.7515897439988	64.1944872375847	72.3873791123239	44.5332148955341	43.4603953530297	38.4613621279604	51.8765730115172	49.9801541708707	39.4796683377803	33.6827702625735	52.6885821706899	48.2554618866181	36.5953352712802	0	6.97160480526346	11.7670853304583	35.9278167378167	25.126965887277	11.5674651142244	9.18259783095278	9.80059627817369	13.8975606546904	22.9813411115336	29.9338295447643	32.0173782937417	23.0318115680481	44.3112213171228	49.7001673037332	56.7844196758005	38.3193874326917	38.3352946377963	44.5769203402693	29.1436730479208
res02	150.783686256206	157.589888289708	129.681281501583	153.880345112919	155.157987569531	152.668564616363	142.60718824849	142.671346580538	157.605063448139	154.369383536144	90.3230965929375	60.9024324331093	62.1154107863241	68.1208533441931	72.9035224463144	52.0939570877402	77.7857949283571	76.0553218604731	68.2694323604626	77.5190294789643	49.3618500613271	49.6295321815522	35.8836885252737	50.50047913317	47.4599196564818	44.3665893071625	32.8106525505913	56.8799175256839	44.9810240203122	41.0504137949417	6.97160480526346	0	8.24879328838412	29.1128216580031	26.2477474821346	14.8562085728393	11.1042759864984	4.70230230826365	16.2492589703081	29.0369555886893	29.4880079857945	30.1792713445419	18.2781592104089	38.5935903442875	48.0045099056169	55.6443666642553	33.9237896943832	33.5015638695096	46.1799357533762	33.0944464553832
res03	146.68380065981	153.299545547514	125.893970705109	149.739559798755	151.095845863553	148.496764867034	138.604325611266	138.625911022331	153.433593015066	150.349688195743	87.9906017163132	59.4297555559633	61.9010951940235	61.6086705838805	69.2482223572072	47.8025170936047	70.1783781690524	69.3784251282878	64.6775865279154	77.4848863410857	51.0855679878111	50.1169988994859	30.2952037836095	42.8440117492285	39.8521536225784	46.7468816081798	27.8051307648344	54.9910878701169	37.1190767026705	40.3799496014022	11.7670853304583	8.24879328838412	0	28.653213001693	19.3816595153325	20.8401842863459	17.9063142054448	12.3341916881651	23.8856347044208	34.4446152931631	37.253289575229	37.7621429384191	19.8024117358282	41.9735253682594	54.695178905555	62.8199972095077	32.0583738289941	35.8062570380961	53.8456340371504	40.3781906104883
res04	169.401217119125	176.494185020321	144.198638757513	173.385141516133	174.638717668075	171.561877980162	160.662466663262	159.750587756103	176.856848652151	173.625977775709	114.375924538709	85.5701973409314	88.0244149709383	83.2600903702865	94.081868003761	68.0711866904264	83.0844888107513	83.1884818374633	91.233005701762	104.021793676174	76.0352887415954	78.065733897046	43.0867458906333	56.7573461559079	49.8325568929679	71.292183458577	46.7974933133519	81.3690368354924	43.4704663349848	66.9964132746714	35.9278167378167	29.1128216580031	28.653213001693	0	44.5001326013879	41.7384860047785	35.3206562167757	27.4597399359243	39.3158190855735	56.8941804024609	41.0320284600823	37.3430408342648	19.5203792336278	20.5803277102082	48.5821463781039	57.594752206182	23.1718836940277	20.9884948829932	59.6766007359058	55.4512916246274
res05	130.7684844277	136.736448915945	113.15428714841	133.24524714638	134.78892826039	132.253687336071	123.291202101023	123.726325725416	136.97056820988	134.263404641405	74.9754362138332	49.7319782239034	54.4989491682591	43.4602978318594	55.2734051319698	37.9642920597727	55.3643510683884	56.3478306212484	49.5961655208521	69.2121882250931	48.9775247241784	43.4909144613903	27.7751769919933	30.1319490552486	30.9688783766131	46.5019996810697	22.9511080579829	44.5870116116015	30.5976141264022	34.1783849833335	25.126965887277	26.2477474821346	19.3816595153325	44.5001326013879	0	32.8226152112306	32.9161237734202	30.871772478405	38.6847811448602	41.3799319174949	54.3871338556899	56.017464407057	36.3875601386097	60.3024165626853	72.3268565421815	80.357565482731	43.038680716642	52.3171555713919	68.6502374473554	52.2365644005194
res06	152.287485585958	158.739036965032	134.087581507006	154.63927382772	155.94990539019	153.921663099758	144.635713977455	145.360315277224	158.518036635325	155.361286024838	82.9042930976353	52.75383420157	52.0244552054131	70.0031763071401	68.1481769896007	50.1915628552816	83.2828153557197	79.1037228551772	63.8043668873628	66.9146058527892	37.1012083587082	40.2510344908797	40.6686794507221	57.1874102444633	55.4741802704106	31.5217475316931	34.9869327819765	49.6109933679336	55.3272624681321	32.8028835353556	11.5674651142244	14.8562085728393	20.8401842863459	41.7384860047785	32.8226152112306	0	15.2653032239972	15.4608009272877	14.4934913845386	17.5728660571965	29.1942747187722	31.1259623209121	31.5980280376504	47.9159326063788	50.63998556013	56.2230360986184	48.2300191423825	45.1074702340371	42.5507509512181	25.6560060984348
res07	149.418964317851	156.690220731734	127.191786061905	152.868078607583	153.966877885305	151.524468632114	140.938881996476	140.884807637706	156.564837099992	153.019888290434	93.5728579255058	64.3749250820501	64.3034768258855	74.9672794928214	78.2072486670535	60.3335864649782	86.9671719975029	85.6382466858333	72.3515590881303	78.7654284182135	50.3032949977079	48.9460490573891	46.577587147628	60.0400928379581	57.6423100502411	44.7900876268408	42.5187773413644	60.6443010980594	54.8499106010408	44.2624832004862	9.18259783095278	11.1042759864984	17.9063142054448	35.3206562167757	32.9161237734202	15.2653032239972	0	9.86508801994608	6.9134325266608	23.0749747667059	21.6942406176228	24.4988940965461	19.7063176857487	39.5508018373273	40.9911527571586	48.1086071404362	36.0031983946899	32.9884239512077	36.3159324348688	23.3199178585736
res08	154.441727796538	161.401170145539	132.632956555931	157.6858246124	158.914438661345	156.406643771584	146.130816480578	146.092221747183	161.394713005328	158.069693582338	94.1715033710195	64.4901885626251	65.2432804814425	72.7823227006242	77.0764079723192	55.9996354650005	81.9944336848471	80.1147984426605	72.5539993190956	80.5558122896239	51.6932250017309	52.6743230276657	39.2006308621039	54.6016111924864	51.1357910560087	46.4266407412438	36.6292125940196	60.6413268831731	48.2948927065756	44.5122419913692	9.80059627817369	4.70230230826365	12.3341916881651	27.4597399359243	30.871772478405	15.4608009272877	9.86508801994608	0	14.0621437671856	29.5065819161262	25.3603371091997	25.6374338876017	16.4672939347823	34.8109803556715	43.6333563037356	51.2522840212398	33.2864690945781	30.4829073121109	42.740892430547	31.1967457941959
res09	152.998439665562	160.283577789531	131.199855331568	156.321209256168	157.383083555161	155.08909970241	144.588440961333	144.676439293065	160.053607324698	156.453771341708	94.6656384615374	65.2145799651125	64.1360838092101	79.6508592530486	80.4985999309588	63.3348712391659	92.4699566819681	90.2686964488599	74.7959956640896	78.1773999917522	48.9593600324212	48.8881266937401	50.9141319845516	65.6492122115068	63.3182028827763	43.1216156533192	46.4578762383084	61.916118698251	60.9967827573029	45.2034950995207	13.8975606546904	16.2492589703081	23.8856347044208	39.3158190855735	38.6847811448602	14.4934913845386	6.9134325266608	14.0621437671856	0	19.6963424268583	17.1455312342987	20.8095778627495	24.7012936001466	40.7649227689391	38.0062529889322	44.0994861403911	41.4496357534303	35.845654372381	30.7555289687968	17.2236636384687
res10	144.941089587641	151.619150101648	127.815068122481	147.220538177565	148.351909458554	146.643152507497	137.370851262677	138.389516090136	151.123669659306	147.71499021663	79.9886959034454	51.733224648216	48.7698024401808	75.095945645244	69.6455983379465	58.8681538335879	93.1282376066199	89.3406075859076	63.2532616137389	61.151772259404	33.3114257990002	32.2213454217589	55.2537664108335	68.6248249362987	68.6023176868335	27.6149376032784	47.8325099513442	49.3246648118209	68.8081751280912	33.5256291640055	22.9813411115336	29.0369555886893	34.4446152931631	56.8941804024609	41.3799319174949	17.5728660571965	23.0749747667059	29.5065819161262	19.6963424268583	0	32.6751918464796	37.3641392014417	42.7672071196618	60.1133759364067	53.4931660291074	57.2823287653621	58.5928769648285	55.3395718635455	37.9365208334446	17.2933228591786
hos01	166.5633842681	174.361126740108	142.199215318996	170.461728068551	171.350334608345	168.941421712683	157.695148850223	157.346519745246	174.096173980824	170.211431499433	110.676811107037	80.9865039100099	79.070141342901	96.2819077328701	97.0045358151329	78.5833016393754	107.270083667568	105.042698507231	91.6838627253344	92.6326212761789	62.6935095098361	64.3261889324004	63.7511283091719	79.9295982965344	76.3864142818212	56.6023974805781	60.8247222713976	78.0452270380002	72.9286024510844	61.2047919695236	29.9338295447643	29.4880079857945	37.253289575229	41.0320284600823	54.3871338556899	29.1942747187722	21.6942406176228	25.3603371091997	17.1455312342987	32.6751918464796	0	6.65100654833578	29.0807133409948	33.5865817793957	21.7584935607991	27.2261163714467	44.2880350811494	31.9089646645623	19.1558210207047	20.2395211051314
hos02	171.650576571193	179.375030361103	147.047450079478	175.538198229793	176.47533050757	174.001842020463	162.778617520268	162.36750346441	179.172723173303	175.357299510384	113.691421026512	83.619401592102	81.9846677125024	97.9974436570206	99.1978625338228	79.1241006218761	107.356979412847	104.863990740489	94.5463915610428	95.9872450962198	65.5738637262322	68.4841839175536	62.7658816642035	79.8698087948534	75.6734553047142	59.5183571090038	60.7538610619298	80.6547231646327	72.0142780362686	63.8006997455701	32.0173782937417	30.1792713445419	37.7621429384191	37.3430408342648	56.017464407057	31.1259623209121	24.4988940965461	25.6374338876017	20.8095778627495	37.3641392014417	6.65100654833578	0	28.3889458269877	28.317648844197	20.5466686194082	26.508477654822	43.3150095656641	29.3017096166388	23.7817008893474	26.2418637977233
hos03	155.350609633695	162.937362887741	129.564074751549	159.634239212011	160.704465680685	157.721718618959	146.327845337909	145.429988116671	163.115462439284	159.541945777273	107.089568704183	78.3795716641208	79.9676188535831	79.3519436127798	88.8896307562818	67.2283159545944	85.351881725077	86.3340685629502	83.6985594643693	95.17872864209	67.3512757615973	65.9017759639558	46.6292777502219	58.1934164992816	53.6271575657175	62.2129973232498	46.4837425475272	74.0785058187582	47.7632226433427	58.7259950202643	23.0318115680481	18.2781592104089	19.8024117358282	19.5203792336278	36.3875601386097	31.5980280376504	19.7063176857487	16.4672939347823	24.7012936001466	42.7672071196618	29.0807133409948	28.3889458269877	0	26.2315346309626	39.9093289193241	49.2630688036606	17.5274158616397	16.3745757991064	46.1526752472966	40.3447157951772
hos04	181.102427740234	188.880663707315	153.516193080131	185.646794407045	186.665467556558	183.597747308362	171.844817687628	170.634855519155	189.080456873256	185.418433426085	128.057326149239	98.164440316243	98.895907564809	101.600935873066	109.599387059695	84.6867117956024	103.410067802304	102.941683171828	106.121743329666	114.368907224702	84.4574214304915	87.2268499966159	61.4072907234586	76.6854713575026	70.1105307686827	78.9356705981022	63.7355785882182	94.4133933068738	63.9117385979983	78.5472356392323	44.3112213171228	38.5935903442875	41.9735253682594	20.5803277102082	60.3024165626853	47.9159326063788	39.5508018373273	34.8109803556715	40.7649227689391	60.1133759364067	33.5865817793957	28.317648844197	26.2315346309626	0	32.5476482564193	40.9229855963675	31.2511742848022	15.5476339713716	49.6265005862985	52.7278341992145
hos05	179.672506604173	188.217120061929	151.332739155165	184.578105412629	185.221123553105	182.500227665134	170.099792116513	168.962174310027	187.999355479834	183.739273369926	132.273451977219	102.695890052532	100.7594095312	115.421532660858	118.344122008489	98.9210895745497	124.249935826226	123.276369434563	112.768343256307	114.062853717425	84.2617339694015	85.3241875480257	81.3257128992943	96.7640848505217	92.228407280246	78.1480390848838	79.9119821117388	99.6661157403717	87.093960840448	82.8433694400401	49.7001673037332	48.0045099056169	54.695178905555	48.5821463781039	72.3268565421815	50.63998556013	40.9911527571586	43.6333563037356	38.0062529889322	53.4931660291074	21.7584935607991	20.5466686194082	39.9093289193241	32.5476482564193	0	9.91969388704544	49.1541088176074	32.7832388928451	23.722509862645	38.411365130956
hos06	185.623816406127	194.217989090438	157.63904650772	190.448090231546	191.030591701072	188.459321474819	176.108177061841	175.085930827708	193.886641519487	189.547162288783	136.791084764722	107.360409326742	104.624674716054	123.02059428932	124.049095679654	105.414695145675	132.748183621341	131.089244582322	118.538182652708	117.254544104411	87.6279596726095	89.4598720049941	88.9884096671751	105.232001571634	100.851495116005	81.504554935603	87.1579379820893	104.699008924295	96.1409962958329	87.9139223406557	56.7844196758005	55.6443666642553	62.8199972095077	57.594752206182	80.357565482731	56.2230360986184	48.1086071404362	51.2522840212398	44.0994861403911	57.2823287653621	27.2261163714467	26.508477654822	49.2630688036606	40.9229855963675	9.91969388704544	0	59.0618562390015	42.6026582906951	22.8650751186487	41.0666600639288
hos07	154.032219336342	161.944033653534	125.193679655697	159.159957989378	160.141275615334	156.681696278248	144.555830891431	142.856279742644	162.378827848789	158.74352316979	117.527610614968	90.4150346650263	93.2174788607911	83.0481092522349	98.0458662517802	76.3331312523883	85.2919696834368	89.3882244128055	92.5197102051691	108.344323815488	82.2970394223899	78.786626465791	53.8213609183141	60.0112962484434	54.9042876777424	77.574580541331	55.6164746269734	85.6714184385121	46.5568909836302	71.7297148036947	38.3193874326917	33.9237896943832	32.0583738289941	23.1718836940277	43.038680716642	48.2300191423825	36.0031983946899	33.2864690945781	41.4496357534303	58.5928769648285	44.2880350811494	43.3150095656641	17.5274158616397	31.2511742848022	49.1541088176074	59.0618562390015	0	18.2281365647119	59.5284472378303	56.0259251013334
hos08	167.219925556475	175.302995495685	138.468073066184	172.20188973285	173.114169713458	169.897817043528	157.70147379231	156.217068250566	175.532306997141	171.719321042237	123.317802285672	94.3082259158573	95.5039772634735	94.72303267507	105.050727152804	82.32269994718	98.2889701594797	99.8318373490325	100.060984345801	110.673437283172	81.9711417333899	81.2970542382143	59.8655881118551	71.6046801378509	65.9782548558837	76.5282088262919	61.1605827274299	90.135043974417	58.9010330060263	74.489942117872	38.3352946377963	33.5015638695096	35.8062570380961	20.9884948829932	52.3171555713919	45.1074702340371	32.9884239512077	30.4829073121109	35.845654372381	55.3395718635455	31.9089646645623	29.3017096166388	16.3745757991064	15.5476339713716	32.7832388928451	42.6026582906951	18.2281365647119	0	47.2155584936634	48.4796885913239
hos09	168.500817267361	176.712139237397	143.867245919727	172.618620922589	173.251886420828	171.075083468849	159.524744591206	159.194082022116	176.193180509671	171.965798364808	117.688976339413	89.4044978137152	85.8500987525901	109.183281441536	107.239587588852	92.6213648291363	123.136068120439	120.891221565217	100.859320031998	97.2995804507308	69.1376161637709	69.4074325656037	80.9454512216125	96.2748947656356	93.6119005858753	63.1559239897681	76.7675214609478	87.077044271466	90.4257191428399	70.8174454426903	44.5769203402693	46.1799357533762	53.8456340371504	59.6766007359058	68.6502374473554	42.5507509512181	36.3159324348688	42.740892430547	30.7555289687968	37.9365208334446	19.1558210207047	23.7817008893474	46.1526752472966	49.6265005862985	23.722509862645	22.8650751186487	59.5284472378303	47.2155584936634	0	20.6783043252952
hos10	154.371364570498	161.859870580642	133.402754209565	157.595156589643	158.473295646335	156.525205541687	146.053803486387	146.403341464666	161.345531228528	157.502409992781	97.1178901956402	68.9409429399795	65.6180817295209	90.2579580075597	86.8021978941823	74.0204088659545	106.320790637847	103.419938884832	80.3090285873579	77.4053229267908	49.4042604952792	48.8860953074344	65.8803409475174	80.3782860298283	78.9778737381815	43.4937123847576	60.1099531186448	66.5710636685607	77.3412923021861	50.5232264756576	29.1436730479208	33.0944464553832	40.3781906104883	55.4512916246274	52.2365644005194	25.6560060984348	23.3199178585736	31.1967457941959	17.2236636384687	17.2933228591786	20.2395211051314	26.2418637977233	40.3447157951772	52.7278341992145	38.411365130956	41.0666600639288	56.0259251013334	48.4796885913239	20.6783043252952	0
