module	logFC	AveExpr	t	P.Value	adj.P.Val	B	Directionality x -log10(p.adj)	regulation	Bger_1	Bger_2	Bger_3	Bger_4	Bger_5	Bger_6	Esin_1	Esin_2	Esin_3	Esin_4	Esin_5	Esin_6	Pame_1	Pame_2	Pame_3	Pame_4	Pame_5	Pame_6	Pful_1	Pful_2	Pful_3	Pful_4	Pful_5	Pful_6
M00063	-0.0172248024825555	0.399281865550859	-3.88455795850938	0.000715010965647828	0.00193195015883652	-1.68424107096412	-2.71400408186539	down	0.409077802459784	0.410043999387636	0.408898300926145	0.401648240092267	0.410653224064982	0.401358405088809	0.378775311031567	0.392914894441367	0.38512400183026	0.37665112586494	0.401036250727059	0.383677998238464	0.399936127737264	0.383392492237876	0.409674539393675	0.415386379434696	0.407474248203631	0.411562007021057	0.400873715023532	0.403753715121264	0.39842123845536	0.407858441854394	0.394085916007522	0.390486398577076
M00570	-0.0482042702443732	0.364506106598952	-16.2418026458359	2.29828455082641e-14	1.56283349456196e-12	22.8686979147525	-11.8060872895719	down	0.373909655667158	0.367613292634345	0.370507358979974	0.374324717122961	0.372559099173532	0.380610875772193	0.32533428298482	0.328520528905678	0.331320858588465	0.327658795920437	0.330629086616691	0.326653870477944	0.378717314242632	0.368865155548144	0.379316027091553	0.380174624117975	0.378105899321307	0.381234812183421	0.385779035181754	0.376428427406772	0.378175340284149	0.37490128620379	0.381034649962934	0.375771563986229
ko00365	-0.102421006475029	-0.206364175126795	-12.4686744125072	6.48447170886376e-12	1.76377630481094e-10	17.1150506452617	-9.75355649615805	down	-0.165171584904097	-0.178314382769082	-0.183927426780117	-0.191922015153419	-0.174935553636854	-0.177968929282692	-0.32442433381224	-0.282738957947231	-0.277870413020432	-0.294083888069507	-0.270877329290343	-0.249084657758648	-0.176287219397916	-0.195963790565402	-0.160453398790142	-0.175905194168304	-0.187182022639612	-0.155328416235021	-0.17823542195849	-0.210044022179034	-0.177719013707794	-0.209322705606572	-0.175563327888169	-0.179416197481962
M00718	-0.0450835276462923	0.478767091289985	-8.95629969643058	4.41086690565469e-09	4.86387485812733e-08	10.4432680701492	-7.31301760748612	down	0.500947815299532	0.499725877314106	0.500302155713069	0.502203338350851	0.500302942216471	0.49728359442705	0.443950676959073	0.458303254872259	0.442912386700932	0.437316429996175	0.448941339809818	0.438302584993337	0.470945291823288	0.470288042369059	0.480210180635057	0.482200712663864	0.478599505595737	0.479780779500959	0.496342269612997	0.493038168577625	0.494181150881595	0.495398581733424	0.491050791911764	0.487882319001595
M00072	-0.108629954411169	-0.182430586220807	-6.33974973080522	1.55640786522425e-06	8.18062187377073e-06	4.46327029231324	-5.08721368091529	down	-0.204345875641198	-0.15043980766186	-0.199829829413729	-0.191674720790631	-0.170213501005566	-0.181054818282244	-0.304033285856814	-0.2654184367941	-0.205922444898388	-0.210654018035107	-0.314787672979121	-0.282602453611573	-0.134389624505967	-0.143638655629349	-0.109332747083374	-0.0790714145019484	-0.127810591932261	-0.13019204168631	-0.192062879306805	-0.178069429888101	-0.165893943947573	-0.158454588430863	-0.162648550135788	-0.1157927372807
M00853	-0.229851763290854	-0.31047615017387	-4.10178116125579	0.000413964613944767	0.00117289973951017	-1.14500679060733	-2.9307391101679	down	-0.049887211330279	-0.268490520850796	-0.0991809451317508	-0.0721665427725933	-0.0519566527714135	-0.0198816020227259	-0.482950005039545	-0.482745927285461	-0.482643888408419	-0.482950005039545	-0.482541849531378	-0.483358160547713	-0.402924601588634	-0.426624544912389	-0.404322455944076	-0.399856417259477	-0.402281514506902	-0.387994558194392	-0.240167547403963	-0.242161654802611	-0.302597364755262	-0.231022053137733	-0.257564224721377	-0.29515735621444
M00627	-0.0157891305011028	0.441401094254095	-4.57186027651207	0.000126044908596349	0.000414728408929923	0.0363951105173248	-3.3822362144095	down	0.45472856461849	0.451480085499959	0.452048719404392	0.449884692077741	0.445955754402961	0.442199369203009	0.432656979705679	0.427034930003051	0.434915900224322	0.423214395076267	0.430909458380356	0.42862381487993	0.443866521885817	0.458178585261642	0.444565413774024	0.443255244248878	0.441523601113358	0.437906666549292	0.446788546783255	0.432064381119605	0.442267092397562	0.440912535745532	0.44468520513658	0.44395980460657
M00130	-0.0574127341544757	-0.286771825769772	-4.18995433103719	0.000331352831139313	0.00099405849341794	-0.924647658133561	-3.00258805964573	down	-0.260099312634136	-0.224829985919297	-0.25277263325771	-0.285834211026876	-0.259374863784892	-0.233862243429044	-0.356971492850768	-0.341192190057614	-0.280538884236786	-0.285113423332858	-0.36617199519479	-0.349000272640958	-0.288864734693153	-0.268891297470257	-0.296218433716744	-0.305976417316421	-0.302011882057265	-0.27991216166605	-0.305508033753735	-0.276112439338479	-0.302389991131331	-0.265010156787448	-0.277528800845923	-0.218337961331997
M00535	-0.0534771445915547	0.408706540263182	-13.7989127293995	7.72618181885477e-13	2.62690181841062e-11	19.2880382755559	-10.5805561588543	down	0.418084317779195	0.419571780015232	0.421282864457927	0.443909290616881	0.419614398920167	0.433728653406067	0.360158560898808	0.372243105319082	0.374347111710189	0.373919333904426	0.36820077942787	0.362723199656718	0.419721428382372	0.409876777072608	0.416736492857322	0.418706446291765	0.419188340020541	0.419422276021668	0.426233203993455	0.422654470874039	0.423142182099068	0.424552420015356	0.422696929353934	0.418242603221667
M00642	-0.0797041970819672	0.300004438121743	-8.89682723193603	4.98983127988128e-09	5.35750305839885e-08	10.3171741333492	-7.27103757236353	down	0.320225183448908	0.310427771214139	0.314797843524985	0.316353743032093	0.320146453258126	0.314376999291512	0.24242058961376	0.265994183098708	0.231790102876823	0.214642716727269	0.247414791867926	0.239095357677118	0.292597007579871	0.281522448967171	0.314592572530418	0.309735700063476	0.305640012723918	0.313837261928993	0.337392941329898	0.35530253104509	0.337332704743148	0.363770429808063	0.323942150430399	0.326755018140014
M00076	-0.0988056435514915	0.198341324827024	-4.96014179989637	4.72153633159817e-05	0.00016751189767757	1.01860786201103	-3.77595434139004	down	0.271050988306703	0.288368734455417	0.287716305213769	0.299099764326576	0.282310457793919	0.222329071242341	0.108979966949382	0.128213095341754	0.15313740989968	0.126332547272798	0.129047139180925	0.0997123943358918	0.16408697804607	0.150845532059538	0.182137479449652	0.180894800493654	0.181742330077187	0.187766799370039	0.16673488534641	0.225527850727738	0.224710736560569	0.255825906595056	0.241613648825517	0.202006973977985
M00867	-0.0686910659249788	0.134822150304952	-3.59091812565	0.00148720506905014	0.00354841911211964	-2.40224999187518	-2.44996509026896	down	0.205960502141478	0.205580685116748	0.184338200628699	0.216769778697064	0.197950551450628	0.205737691188061	0.0732359048826051	0.152134159644054	0.10053464947284	0.113363949429486	0.0585213359885073	0.00203310574981699	0.122878487425799	0.105480181712984	0.123062243142539	0.142725632870964	0.135961616584774	0.139459560257144	0.123348924461756	0.130572740725663	0.113429210597162	0.122185401157025	0.143607322315752	0.116859771677305
M00550	-0.0715167236213894	0.2104769668041	-4.66552956772162	9.94310400412063e-05	0.000335271606089357	0.273148176375423	-3.47460322510044	down	0.289760424687231	0.245872269364936	0.284754507652478	0.277437752787498	0.268935964864551	0.275174783038109	0.163232932104351	0.140106979660465	0.152917489048019	0.18364383894479	0.144515844702641	0.156619460068084	0.247128027222558	0.202015369815629	0.191181475846899	0.186535025843723	0.204188106096846	0.195984803356959	0.176232973895493	0.211585988954894	0.221013750898156	0.210868449385959	0.217933466357015	0.203807518701124
M00075	-0.154589465238144	-0.089537741525325	-4.90186057475325	5.46981689204151e-05	0.000192386663099391	0.87112638991526	-3.71582503803158	down	0.0201989921194422	0.145906182592331	-0.0830872437548962	0.00107371139662822	-0.0509790873392744	-0.098741302153569	-0.274744793060365	-0.188386814742217	-0.157235097270803	-0.156144213636266	-0.215706409857379	-0.240661714156567	-0.00849844628179059	-0.100362843084405	0.0762089246290182	-0.0511441345109171	-0.0800384181246918	-0.110971926923583	-0.17134648701551	-0.09613339427955	-0.0901592771834092	-0.083663060891678	-0.0559165854199916	-0.078372357658356
M00838	-0.129155513591244	-0.165399627500977	-6.87256572867754	4.38817168795914e-07	2.67220007266765e-06	5.74962945634918	-5.57313102853084	down	-0.0405293847677212	-0.155303210047421	-0.141517773624074	-0.13238909592018	-0.117882348409967	-0.110161638925908	-0.240224086095709	-0.259885098962697	-0.26091085964539	-0.301267999228548	-0.253320234681849	-0.257989297552265	-0.119895937588998	-0.14425666820567	-0.106286817388313	-0.0736099643900424	-0.0828538793308228	-0.0938346704354741	-0.19380435562376	-0.202291727743817	-0.179811527610902	-0.205010943706684	-0.135704143978888	-0.160849396158336
M00162	-0.16410759452692	-0.201166613825901	-8.19501001930218	2.21537974714735e-08	1.96494551486113e-07	8.79397580323622	-6.70664948748867	down	-0.183649690832982	-0.0797966224774185	-0.126846665963213	-0.0927818474383492	-0.137308161513105	-0.0916755040079749	-0.356933375564564	-0.329290843709251	-0.320053720448845	-0.325443641030131	-0.299019575933695	-0.314742701640059	-0.162712394111615	-0.176771341835409	-0.149785769579082	-0.139575998666681	-0.124082353718244	-0.133233638756066	-0.202469378549054	-0.251983931540906	-0.201426565548605	-0.228940498534382	-0.201365951399545	-0.198108559022438
M00702	-0.0772433758502101	0.0235338914417427	-6.33774391397017	1.5639424170444e-06	8.18062187377073e-06	4.45837020636963	-5.08721368091529	down	0.0449771477500254	0.0483927692263245	0.0706144135425612	0.0364331860709444	0.062582771058626	0.049853623733866	-0.0290055584920552	-0.0583069330051751	-0.0186427908339324	-0.0220737357493907	-0.0291054180810885	-0.0492574065138472	-0.00403790533186251	0.0325083803387125	0.0661053113376074	0.0375892064396833	0.0366540193311341	0.0426079706280995	0.119630465083393	0.0243060522569737	0.0386575916718583	-0.0172029987930589	0.0446158067202166	0.0369174262122101
M00797	-0.117019873572793	-0.0586123697354012	-8.51383404168932	1.11648010784273e-08	1.11103386341423e-07	9.49399785298743	-6.95427270391259	down	-0.0752724246466548	-0.0308702896330311	-0.0887378398783992	-0.0404207607777063	-0.0788014143762593	-0.0636921378537573	-0.153145671656662	-0.13702762611754	-0.128425037859325	-0.1308641071828	-0.15676283013572	-0.172038376537929	0.0123805942413164	-0.0123871819878572	0.0136902748248267	-0.00876850104980377	-0.0193067460075303	-0.00580701034439794	-0.0552830066842359	-0.0287241735957692	0.0111413253976545	-0.0423717956988991	-0.022258174382948	0.00705603829380017
M00815	-0.113975526546895	-0.131599003377229	-9.07352961622836	3.46362883135334e-09	3.92544600886712e-08	10.6904623239606	-7.40611099161034	down	-0.122970599034309	-0.0910653836548623	-0.117755161761895	-0.0519996338572399	-0.128036573114199	-0.0766858632980809	-0.236055293518573	-0.205025880379561	-0.215338676250194	-0.189066504427268	-0.191448619067225	-0.265548916081582	-0.0861963305434816	-0.0880634399468458	-0.0942154665308538	-0.1209134877073	-0.11164479763399	-0.144767140159069	-0.146684163285109	-0.0633260415965579	-0.124154089917414	-0.077267629001622	-0.109299716546506	-0.10084667373976
M00847	-0.0813977478803231	0.292967350170604	-5.28187395779015	2.10222369060603e-05	8.24718524776211e-05	1.83158155992525	-4.08369425023167	down	0.266011834090266	0.288581325424659	0.269852792644746	0.224213665716326	0.288681977383742	0.303779371842296	0.201670083138921	0.241733081174919	0.270674698086292	0.238461237257833	0.226003368521381	0.212971767382822	0.32545543319612	0.318234356342406	0.35458545798712	0.367588592666448	0.348163956232599	0.352692962392005	0.325237839759043	0.310931078193808	0.315504815853513	0.317053931943323	0.339205305638688	0.323927471225213
M00029	-0.0241706078659366	0.41887699172426	-6.95286336961791	3.63685763488939e-07	2.31849674224199e-06	5.94070283461972	-5.63479351000209	down	0.4193876609278	0.424424619104631	0.420128002537263	0.41871594003221	0.420601017164633	0.438033234508464	0.393702792988834	0.400723927190683	0.403537263988723	0.397817907630412	0.405777412601668	0.402934910548526	0.424959491237779	0.413349832689488	0.425673169908207	0.426480439052842	0.425578382338007	0.429275014342451	0.437781067583653	0.428175878156004	0.418369237424418	0.425920596676362	0.426495157559617	0.425204845189564
M00856	-0.166539323726727	-0.203875706909938	-10.347960863024	2.79939445018408e-10	4.07911762741109e-09	13.2637688002355	-8.38943377097636	down	-0.169043501179658	-0.226415847157701	-0.174677472738006	-0.201893167808868	-0.0709783536646804	-0.168260856527713	-0.311796113432847	-0.283192455869302	-0.341587254287341	-0.388914014757138	-0.308171281221032	-0.339020078662242	-0.138646670514921	-0.177082698770781	-0.150515247490001	-0.173811143706403	-0.168076380546662	-0.122669583759819	-0.195709695388101	-0.16528956524238	-0.128382803736855	-0.151965884962826	-0.144778037840874	-0.192138856572365
M00065	-0.0400973192985702	-0.324812664865722	-3.99837424637298	0.000537177619520893	0.00149094196438452	-1.40241401432384	-2.82653926133446	down	-0.294534989628965	-0.27333319488978	-0.285797108905619	-0.305667422769631	-0.303542651544981	-0.305041715735107	-0.359543431492646	-0.346059500082826	-0.331715117888776	-0.321313963948408	-0.382913720480967	-0.387768192144274	-0.340788070790326	-0.335829253492528	-0.322183847320454	-0.32689834334908	-0.324922781469195	-0.329335396929665	-0.34799910846456	-0.320505156454318	-0.309283685235487	-0.331921494293384	-0.30509585224592	-0.303509957220427
M00814	-0.101372850095911	-0.204989822356984	-5.92722517572885	4.24114807030327e-06	1.96635046895879e-05	3.4473956594656	-4.70633907390473	down	-0.229979378669643	-0.162414729942053	-0.215852942593624	-0.14860962967308	-0.212374816540881	-0.144555438227785	-0.29449388442639	-0.297876068877421	-0.246680302311082	-0.248821743032309	-0.29597624622229	-0.302268514704014	-0.130466242233698	-0.13670433520239	-0.136711564221769	-0.143847802671666	-0.149029120416132	-0.13298045099349	-0.211577791285963	-0.191239263006387	-0.221456076153381	-0.240748431966072	-0.23093597956159	-0.194154983634513
M00798	-0.0635781031638785	-0.0472457558793143	-4.34553575559697	0.000223571158014558	0.000687764393631988	-0.534217558282464	-3.16256031186589	down	-0.0829088798508797	-0.0240828629564868	-0.0112071847368877	0.00255704840112837	-0.0332369200535859	-0.0627870785897322	-0.071885969721218	-0.136273634036404	-0.0560310822277617	-0.10615182432359	-0.080356678324006	-0.118876810880359	-0.0217168742984517	-0.0136212191177032	-0.019000316509099	-0.0328596812683088	-0.00866759228206612	-0.0196642404715171	-0.105304683949533	-0.0751247744201757	-0.00488871112260677	-0.058393805642584	0.00282114206047055	0.00376449321781504
M00308	-0.0288011950038733	0.326862936230502	-6.04193437178436	3.20360830245138e-06	1.53773198517666e-05	3.7314378421767	-4.81311935211706	down	0.319063461551205	0.33483739973918	0.326781608530391	0.344744422289252	0.327062260110733	0.346907191584154	0.30786043682461	0.308726057317678	0.306772270582229	0.310327329992135	0.302637188445932	0.295248956702997	0.33526759667589	0.326576233550197	0.333142802512217	0.335832893157161	0.34965242256568	0.338817381441713	0.308123669124725	0.335416062686493	0.342913495911676	0.331269239261549	0.336150651410666	0.34057943756358
M00416	-0.14204552885796	-0.391066940491348	-6.52696720762239	9.93684039420788e-07	5.47869037950921e-06	4.91879705201755	-5.26132324241438	down	-0.413665607528062	-0.413665607528062	-0.413665607528062	-0.413665607528062	-0.413665607528062	-0.413665607528062	-0.497643603333586	-0.497541564456544	-0.497541564456544	-0.497643603333586	-0.497439525579502	-0.497796661649149	-0.319060570510887	-0.301603460684181	-0.264948711095258	-0.291161742331061	-0.265241630656628	-0.293809602276531	-0.377532966755332	-0.350389525162501	-0.359891930274604	-0.369575785109183	-0.377594565543511	-0.347195913415395
M00145	-0.140164143460554	-0.184629308229379	-12.8419752341534	3.5097617361987e-12	1.02284484883505e-10	17.742404886293	-9.99019023765142	down	-0.187154577724601	-0.152962759067436	-0.169578120163131	-0.159152651774722	-0.171511062659496	-0.151290404684902	-0.325852036943962	-0.3038166692101	-0.26995561978786	-0.279191950173481	-0.276528286425806	-0.283169932407558	-0.155755199946392	-0.135169119831618	-0.125578646992526	-0.105324994017949	-0.117321810182885	-0.115275275676155	-0.171392626178115	-0.188822493098522	-0.139706991569235	-0.163516547234472	-0.132945551731082	-0.150130070023087
ko02040	-0.057475504446157	0.246929817878605	-5.72099904573218	7.04604060131915e-06	3.19420507259802e-05	2.9340483569972	-4.49563720496689	down	0.241526516302475	0.215846483815931	0.223465130436673	0.227984545543584	0.22823142044336	0.275889488231977	0.198421345169404	0.215754628037143	0.222954555618755	0.215587494598402	0.179876571744432	0.190344542095788	0.278479684111709	0.268092343800246	0.276647610740556	0.273495048504139	0.270250154199762	0.276523600212597	0.2907841597172	0.270928783803817	0.272580914951781	0.276677719005563	0.273878957802687	0.262093930198542
M00552	-0.0422168567368452	0.269575444444694	-5.10295899277869	3.29455737538518e-05	0.000122198128105196	1.37981444890748	-3.91293544679241	down	0.297411667801996	0.283318784623493	0.290253878510784	0.274923304078643	0.296934616681523	0.296676312943491	0.227680665718965	0.231723128255257	0.236192433695968	0.249012227454058	0.243642714856756	0.239225641371359	0.263479010319817	0.258698893345872	0.253744153695423	0.257239690867192	0.255485715758706	0.260741161650455	0.266382639131221	0.29724379045084	0.278356189912889	0.318934357574146	0.292078192761456	0.300431495212357
M00877	-0.207278416427189	-0.18296025198848	-7.22747108278629	1.92530761059718e-07	1.30920917520608e-06	6.58829327575973	-5.88299095972868	down	-0.14562875923404	-0.0259964302238561	-0.0378668851994855	-0.0195953215606675	-0.0670051933406326	-0.0537794113961129	-0.395846322941904	-0.350529007785758	-0.350090317885109	-0.416377680483517	-0.264030695223306	-0.253640361533637	-0.176240727374825	-0.162292766043666	-0.150354736460705	-0.193979022764695	-0.165522859006683	-0.124362719128397	-0.181460621530621	-0.135360688889472	-0.175899824696926	-0.165815773092822	-0.215843111942876	-0.163526809983805
M00730	-0.0807307863099399	-0.215477796346076	-5.16643571443133	2.80852516025769e-05	0.000106741604979196	1.54021227747515	-3.97166627138096	down	-0.240233059786202	-0.180144414438026	-0.177292458979671	-0.176225066205808	-0.181357376214539	-0.188877455558016	-0.289719045979025	-0.292692013872141	-0.259558700680797	-0.267083505778769	-0.262856313071697	-0.284245737088758	-0.157863093277195	-0.131187812354025	-0.176924013487769	-0.13265559697052	-0.186709763779971	-0.175748289302829	-0.260523762189872	-0.214342978770807	-0.215339135024802	-0.247924476857548	-0.238909359304127	-0.233053683332915
M00019	-0.0373102690257092	0.450523770139763	-14.454983443504	2.86875916980779e-13	1.6720767732594e-11	20.2987066212085	-10.7767437858459	down	0.459058413052586	0.456472391630545	0.45872780229413	0.460782885780586	0.46028284514489	0.464063778671014	0.419605589923018	0.424619304273721	0.42416227619582	0.422269072620326	0.421950251795623	0.422639915414376	0.460412903082459	0.450858160512335	0.459750802151282	0.461230168508493	0.45804946688809	0.459103246584137	0.465943227009742	0.459994192561601	0.460702875505493	0.46186102133646	0.460699119110883	0.45933077330669
M00163	-0.114247208856708	-0.355546638866955	-5.73540391871383	6.79969988521962e-06	3.11716579007821e-05	2.97001023380532	-4.50624009865311	down	-0.391676229525522	-0.391676229525522	-0.391676229525522	-0.391676229525522	-0.391676229525522	-0.391676229525522	-0.439724429762815	-0.450216861694325	-0.416474845923889	-0.438895425527429	-0.448186178449333	-0.453894531699128	-0.313929569591329	-0.287373033907897	-0.287680231336175	-0.297908828112472	-0.311448875633566	-0.30324089114441	-0.253156964388395	-0.316511058647464	-0.288558478057544	-0.283702286986681	-0.288374645314168	-0.303784819476772
M00432	-0.0373838787983828	0.440543069302988	-9.83198662554528	7.56416649798503e-10	9.95541913283191e-09	12.2467274176106	-8.00194045103142	down	0.442732773576474	0.442401417022353	0.444086143813191	0.462135075113961	0.442411543749604	0.470359714852821	0.413243354194594	0.412449781822945	0.411960533549105	0.410753861977143	0.410997944194036	0.41562548548738	0.449935719993435	0.439143442784269	0.448250870210446	0.451755360760263	0.448508184385264	0.450695614028851	0.457581997474638	0.454165097160645	0.447415619682283	0.452201212508522	0.447839526411514	0.446383388517966
M00344	-0.0686053488432081	0.267161843958022	-7.36162148705992	1.41610502757596e-07	9.96156640087915e-07	6.90127668553287	-6.00167236581622	down	0.298651275113579	0.308470686014035	0.309580149994984	0.309589458432652	0.310292995062552	0.320533476645404	0.205791945368925	0.205544311197406	0.198132378204351	0.225307751870837	0.230830754677775	0.228639852634399	0.262297751319886	0.25210762813051	0.267927270392095	0.263869981253326	0.260199279123843	0.2606583560054	0.289117836316592	0.276954371068087	0.286436128559037	0.272998241749256	0.292372288928869	0.275580086928717
M00078	-0.0685037259763939	0.216371007137184	-4.38940237511895	0.000200074342419668	0.000627925628517113	-0.423828014128316	-3.20209179103559	down	0.275850923215916	0.279449143565187	0.278514668141474	0.294764900339364	0.280240295163598	0.235787154121528	0.159979028672648	0.172892593951817	0.17435968790654	0.159211931684859	0.174530982591148	0.148985051122318	0.183828590133937	0.176307151165185	0.203407446136025	0.202623243583541	0.203066462629603	0.213056945238657	0.189298106343354	0.238109211484958	0.229787593210251	0.276192185660347	0.225228884390985	0.21743199083917
M00060	-0.0224188641299173	0.337462483537736	-4.63058368667548	0.000108628892551432	0.000363283509516264	0.184793036256728	-3.43975431556595	down	0.348005827826439	0.345507716451309	0.344181448361997	0.334655286892697	0.353441437440686	0.341890857353241	0.315303160137807	0.327349272779594	0.327233742463868	0.315614669160464	0.319814744721895	0.318574423378157	0.328439514273715	0.31549240883385	0.341455491301847	0.352390019191946	0.343054609657541	0.346372935245463	0.351360527750663	0.353924393023019	0.341456518396872	0.359392118847997	0.339491815706493	0.334696665708093
M00800	-0.115366522945897	-0.140335156195346	-7.63734443940315	7.5879036509887e-08	5.84125413132715e-07	7.5374185051439	-6.2334938988053	down	-0.154309341413243	-0.0476572723024637	-0.0882100487409895	-0.108612708226527	-0.108223046793706	-0.144061891885879	-0.242403141679761	-0.245478503097301	-0.198449746289925	-0.207679867716336	-0.200280063333742	-0.266868968311544	-0.0944693875675778	-0.0953056922967959	-0.0862993816420077	-0.106672158217196	-0.101655161202593	-0.114027200922263	-0.201984476186084	-0.154829684000968	-0.0849956351085555	-0.10300470948901	-0.1115578950898	-0.101007767174027
ko00633	-0.0531582116882846	0.0994267049263171	-6.93234787455512	3.8153127946265e-07	2.3948424926271e-06	5.89195738072041	-5.62072304460112	down	0.0877114690138092	0.0922722081186749	0.0884765581962543	0.0913922062873658	0.101688027449786	0.118883859110876	0.0377014035791814	0.0490327761289666	0.0745900698038504	0.0609861308379241	0.069196268003297	0.0658416286074026	0.113550608528122	0.107459707136961	0.132041073541345	0.136646720942982	0.127012936238709	0.135316068836603	0.137888719068021	0.114524799802994	0.101687145674789	0.120825350705397	0.115080504423169	0.10643467819513
ko00542	-0.0532912785306666	-0.0894805351298709	-5.97490757139158	3.77367778701323e-06	1.76972475528896e-05	3.56560356124577	-4.75209427406446	down	-0.0656588840363406	-0.0414878891147177	-0.0603684860494467	-0.0389706247579722	-0.0641295756667778	-0.0834033082867464	-0.139983800929478	-0.136667540685227	-0.124404367257933	-0.104599426751367	-0.115386345471048	-0.155652483072172	-0.0933406188574058	-0.0975862680819784	-0.0891180057037455	-0.0739735110583382	-0.0879362683948185	-0.0896089414737606	-0.11241418934948	-0.0952203788017478	-0.0728814699103168	-0.0699199562579578	-0.0699063052926	-0.0649141978555258
M00939	-0.0356674154001349	-0.0121248007614517	-4.31814600875268	0.00023961744874383	0.000729581485727483	-0.603081121466614	-3.13692619544227	down	0.0111499354213017	-0.0116248931680385	0.0233986953693027	-0.0187022867714778	0.000303527080523807	0.0109756186933356	-0.0262525970617841	-0.0356178304138927	-0.0524909838412448	-0.0680849534099259	-0.0287784873305996	-0.0220273218118701	-0.0288703914208374	-0.0203904690895179	-0.0244514742010691	-0.0171857337186413	-0.0111396913623499	-0.0114868114561315	-0.0184498313447485	0.025523977912805	0.0136910006181036	0.0151178960769626	0.0135648243956838	-0.00916693744072997
M00569	-0.0632812085752595	0.0429108368445985	-5.57239532852065	1.01823820952043e-05	4.46710956434771e-05	2.56222654639389	-4.34997339550038	down	0.070502579031615	0.077874974015349	0.0983054568319214	0.0593567998192371	0.0910062971484277	0.0740581038443988	-0.0265166863151578	-0.0349946167513479	0.0015316899744515	0.00923142275011248	0.00693680216603486	0.0165109706548297	0.04004531221391	0.0763569218473869	0.0718576019965303	0.0668901076527234	0.0751718853880259	0.0779501857363004	0.010152504517626	0.0412481349915815	0.0208390737101704	0.0244095321395711	0.051004727120871	0.0301303037857941
M00803	-0.13674089450868	-0.0580327614195193	-6.66614259187515	7.13743495560113e-07	4.10151191814826e-06	5.25499579639428	-5.38705602214093	down	-0.086425490695735	0.0509266656721759	-6.0613784247847e-06	-0.0265586471036454	-0.0261066960544178	-0.072488063241686	-0.169737767400609	-0.186608069096877	-0.14165991062403	-0.123813261548755	-0.125675795968886	-0.216035789167018	0.00848471013343991	0.0078175630560993	0.0185575220130985	-0.00597846065124987	5.86447038410415e-05	-0.0151425822530371	-0.150911967480399	-0.079401360356431	0.00983163961934217	-0.0210425783887109	-0.0242915518040027	-0.0165789660525448
M00153	-0.0794440814593026	0.368064068813145	-9.15777242115414	2.9144806176041e-09	3.49737674112491e-08	10.8669896810831	-7.4562575825095	down	0.415760291617723	0.415349655177382	0.401274483597226	0.402393060914001	0.404336769680433	0.392953901705933	0.307922743878088	0.307162048522628	0.298888839657382	0.289742734957418	0.320459746240968	0.326709933055527	0.34710103135304	0.341086592665087	0.378298005900343	0.390994512484658	0.377466975590462	0.379967129230889	0.402704461793619	0.385307780732875	0.387143519325745	0.390058227830002	0.386304055510565	0.384151150093494
ko01052	-0.0345426906279356	-0.214278987035782	-3.65321418772065	0.00127419267017609	0.00309446791328478	-2.25117883114128	-2.5094140161722	down	-0.229837871777981	-0.220851361375536	-0.215164962193001	-0.207297005379266	-0.225188942272908	-0.198433595869932	-0.256389446333547	-0.236903218864044	-0.247755539379026	-0.258379724093789	-0.221717240590799	-0.2199708607792	-0.173669626864979	-0.190203399122743	-0.174899726095853	-0.172406322514493	-0.186346618420334	-0.189540380467778	-0.228497398564819	-0.243209822664929	-0.21168437656224	-0.223459628397167	-0.200957824409705	-0.209930795864711
M00705	-0.0850798781674372	0.13849400491253	-5.16403580724683	2.82551307297871e-05	0.000106741604979196	1.53415008911661	-3.97166627138096	down	0.202501888656606	0.185389767212748	0.231345262509715	0.214001224102627	0.195975801258832	0.200285959062034	0.0778451216084151	0.0475996813667589	0.0904559645764486	0.0836442543966217	0.086990147390043	0.0615694083834241	0.148899371914904	0.135740996618782	0.114390031958072	0.0939325643441127	0.115508254572335	0.110074874972311	0.160456703780759	0.163217596854408	0.144951109798835	0.12068652540979	0.160825779478554	0.177567827673578
M00150	-0.202916230059037	-0.0170403664360042	-8.74098936490112	6.90861124515305e-09	7.04678347005611e-08	9.98456069129246	-7.15200907307554	down	0.0591845639839619	0.0515605703194416	0.00673310697925932	-0.0491125508702745	0.0228957113966702	-0.00776261947709554	-0.19257942410226	-0.203245765293384	-0.23953724190396	-0.132298989952116	-0.156625396458602	-0.0910784161713695	-0.0546105422835399	-0.0168905054516212	0.0813496193797475	0.0926913906842926	-0.00388724377039929	0.0747864643582507	0.137603293928533	0.0545246413565002	0.0155804599351751	0.0707713539413778	0.047251361228348	0.0237273637789636
M00866	-0.0258980960144801	0.357992085893225	-5.2440980028241	2.31103214657865e-05	8.9800106267056e-05	1.73628673664974	-4.04672314939986	down	0.354467810658588	0.362817643852965	0.356720665845381	0.353496689723899	0.36829447414283	0.354332328011167	0.328706312097366	0.342738709979279	0.348492302112833	0.338229298686717	0.343765353861422	0.329479106556575	0.357517572053887	0.346637078101864	0.377238594076872	0.38289978885729	0.375213934362042	0.376651520604118	0.367150711536578	0.370516404999114	0.359745122783524	0.375476364244165	0.360737421741712	0.360484852547222
M00077	-0.0886443805390925	0.081914504361718	-4.45760247114879	0.000168342525080847	0.000540816930968389	-0.251985393581644	-3.26694972070724	down	0.132320008144132	0.137546184725174	0.148665694779973	0.160815864813785	0.136374365826481	0.091167889791318	0.00286687435767332	0.0173819681131852	0.0390920183742999	0.0198063533290143	0.022454679807876	-0.00901458023765688	0.0414118058243426	0.0239004610712457	0.0496208446934815	0.0449845047546685	0.0515238249649731	0.0562579289176654	0.08923692965031	0.144470995671733	0.126326633767853	0.182141394920878	0.144930970720481	0.111664487898346
M00081	-0.0500864443140703	0.223927387714738	-3.75222743870293	0.000995697300416373	0.00253902811606175	-2.00960524826309	-2.5953324899168	down	0.264314354734931	0.261958093615934	0.292503894732434	0.268231218681506	0.285656586885602	0.281793858552454	0.178533349589362	0.174541173454597	0.191687609528134	0.195506530016672	0.17694775367467	0.200958910611676	0.218597182687367	0.180242727366375	0.205203945117695	0.229001918181127	0.199347323681829	0.216087578757365	0.217506401568509	0.214853875240752	0.221365653399785	0.217623905895735	0.247941401939409	0.233852057239791
ko01054	-0.0633866397742632	-0.106199361303175	-5.40176100833882	1.55751553387197e-05	6.35466337819763e-05	2.13361139683168	-4.19690745012387	down	-0.077731159949677	-0.0596017829835451	-0.0625194974140018	-0.0210014881063925	-0.106053595162565	-0.0455611165151695	-0.154231537901631	-0.138030420327862	-0.15851450202292	-0.160121873686212	-0.153625193149724	-0.157912519714887	-0.089503472042061	-0.101312940419009	-0.100214676041976	-0.0971087529280896	-0.0961086775141868	-0.103422538681281	-0.147985890562747	-0.113274479446128	-0.0953392724521947	-0.107112231470115	-0.0957055954459871	-0.106791457337845
M00014	-0.0265970225104826	0.130889782773825	-4.97277371813984	4.5734479913753e-05	0.000163681296533432	1.05056898996636	-3.78600094353487	down	0.141002937630781	0.12274079410593	0.12601668470791	0.136736404895035	0.130458477251425	0.141609901264951	0.108704568214997	0.114068454665404	0.116691425900726	0.114480339132936	0.109533601594051	0.102173705837662	0.154107332000218	0.130710064511452	0.14077374755492	0.134751611875588	0.136924808010631	0.137050344832301	0.108508467860018	0.155941041769712	0.1320069876945	0.145090841475808	0.149642161085531	0.151630082699303
M00596	-0.191763798238669	0.126973328983846	-9.13800417436414	3.03471334095072e-09	3.53760869459398e-08	10.8256492713315	-7.45129020737234	down	0.104807285017626	0.121973522177881	0.103014434638269	0.073889131082779	0.134895506951696	0.165232618476148	-0.0559296464360773	-0.0285803282124818	-0.00915530619684253	0.0260351461452657	0.0174692437379773	-0.0509362272087728	0.169624729430675	0.174756137875221	0.228055751080969	0.24922256618546	0.216849083851106	0.215756438606398	0.20277096401416	0.177290468431408	0.20525703597143	0.192200939752618	0.212583282704406	0.200277117534993
M00899	-0.0403024292390475	0.22755090233174	-4.58077060998937	0.000123232588378094	0.000408771512668799	0.0589052788097968	-3.38851937784848	down	0.210304848292763	0.238654247067809	0.210705398118109	0.208884478940879	0.211266677398149	0.209019448187333	0.204972585481153	0.186821806434403	0.198120184327156	0.199079478452934	0.193745519753614	0.201204907965466	0.257134750696969	0.263437017250277	0.249606345038335	0.247652600084488	0.273570423836403	0.254896781055428	0.234657027751321	0.220271074099536	0.247974531631737	0.237243225881858	0.244885214366876	0.257113083848762
M00161	-0.138425848673516	-0.342780996337075	-6.59392345156094	8.47201268706405e-07	4.73504270729059e-06	5.08080542447984	-5.32467609956314	down	-0.374251864298803	-0.374251864298803	-0.374251864298803	-0.374251864298803	-0.374251864298803	-0.374251864298803	-0.462445100535957	-0.434525358951654	-0.454813421666624	-0.452794074414409	-0.466148697854041	-0.40887564363059	-0.271335376296513	-0.237315969311346	-0.268942110141228	-0.272456329140058	-0.258175524095773	-0.276103617834007	-0.291300371216309	-0.31305791171609	-0.258352873387877	-0.309065596514213	-0.278380608599107	-0.267144140991196
ko00524	-0.0607192090633842	0.104046733208609	-11.9397259042946	1.58487569501934e-11	4.04143302229933e-10	16.2013517847439	-9.39346461426413	down	0.115934489714359	0.137390200807713	0.126758429387684	0.119419596874617	0.131151439561254	0.129311905804759	0.0459401171327115	0.0607100160729241	0.0661973621376062	0.0505533631247341	0.0660711420334041	0.0615719579650451	0.118886812415718	0.108830662214792	0.129196545018753	0.129157139213174	0.118732130228742	0.119148238657375	0.0949573795043717	0.114463408925522	0.120972646060499	0.109006440816648	0.104712516579474	0.118047656754735
M00623	-0.0520019362034768	-0.170581975440823	-3.55012688196225	0.00164518547508398	0.00387997499326165	-2.50075684407675	-2.41117107345823	down	-0.226360090913298	-0.168472220985105	-0.142338675197808	-0.126011240100085	-0.158679140373375	-0.137904363957779	-0.218081397095678	-0.225232201601501	-0.165557887610854	-0.252389407139283	-0.178015026352683	-0.218224645760585	-0.220185818903649	-0.144200275043582	-0.165666111283619	-0.149251937889017	-0.17391791905278	-0.158293246931246	-0.171784394677631	-0.177302910188051	-0.120287019752185	-0.169837362691101	-0.103678309679821	-0.122295807399038
