module	wild01	wild02	wild03	wild04	wild05	wild06	wild07	wild08	wild09	wild10	lab01	lab02	lab03	lab04	lab05	lab06	lab07	lab08	lab09	lab10	fam01	fam02	fam03	fam04	fam05	fam06	fam07	fam08	fam09	fam10	res01	res02	res03	res04	res05	res06	res07	res08	res09	res10	hos01	hos02	hos03	hos04	hos05	hos06	hos07	hos08	hos09	hos10
M010	0.251304080061928	0.229519266540636	0.326379797579691	0.224969933551581	0.226242687173738	0.234507584961712	0.268869560923777	0.281569147521472	0.224958761108224	0.235803702460566	-0.230416284834221	-0.200106588691154	-0.0973965973775004	-0.0816351870159808	-0.210241929381188	-0.0849425995736078	-0.0204940302951884	-0.075130082361022	-0.0263858543910869	-0.134700640798958	0.0213616986645975	-0.0711645899700258	-0.0461753924734502	-0.0629358527279957	-0.115413626115736	-0.0805328416503951	-0.0602489926067596	-0.0201172656367513	-0.0678265561055409	-0.148944125833748	-0.105075610064859	-0.0248810402410302	-0.13533199454536	0.0116591846869382	0.00062126943724526	0.0684150771097684	-0.0234314999666343	0.0515588501583736	-0.000897925346716479	-0.131250918388255	0.00461120341830108	-0.058499431603479	-0.085616956504265	0.12664807540075	-0.0249862566622633	-0.0393239057833336	-0.0653320835047923	-0.0446346792392153	-0.0786860704011662	-0.136242470667622
M129	0.251360244011343	0.225958854836578	0.279030509720196	0.232929173368588	0.244080957570742	0.243266076833959	0.256132374951105	0.271985737856381	0.22863444020805	0.244760631041894	-0.208895265641751	-0.212197779995222	-0.0983488542557104	-0.179998971873415	-0.186437509021675	-0.123125887188753	-0.0333609139253078	-0.113694854635112	-0.135066538097071	-0.145740160571243	-0.0732080841164515	-0.0230924079311482	-0.126014253659896	-0.0249584511456035	-0.01107537439161	0.00751788387632748	-0.0964029204033033	-0.191952375797725	-0.0346702457657071	-0.115827201333839	-0.10484274230141	-0.0548985571072239	-0.0409830496709348	-0.00932185536518109	-0.0274292192342412	-0.0781162956445593	-0.0452352060350916	-0.0867539121360681	0.0316463827887989	-0.015198449986317	-0.0459055171163556	-0.0371838323960132	-0.0882609058635358	0.0937643469270376	0.0284357709119311	0.0177847896610536	-0.0254365741766659	0.0959596834005587	0.032873127743437	0.00751318107616195
M096	0.224560746599652	0.225114420648621	0.307216244339107	0.208895223588969	0.220992588822362	0.228935706293204	0.246963243477133	0.255808812063017	0.217978163674812	0.227048674699205	-0.0880978219634803	-0.168423497515193	-0.0864646587108369	-0.140793977782565	-0.102474750059599	-0.180348743970092	-0.254839290580125	-0.207982554886202	-0.0737339820216069	-0.0340617107316231	0.0734718097109582	-0.0929880244111774	-0.0326797863600499	-0.153023575046133	-0.0545269317814146	-0.070750884465811	-0.13093951487973	-0.064806933654388	-0.132017220511068	-0.0326910121955066	-0.0853415293246296	-0.0793210020456817	-0.0193650137714301	-0.0252076064200049	-0.0830685948294941	-0.105517794288537	-0.0477034834270035	-0.179430982252536	0.0461482218534872	-0.0626280464117339	-0.0255797184451372	-0.0159519549116021	0.018664325356706	0.0683309220721471	0.0297473402861142	-0.034166763483301	-0.0677752696761109	0.0846913758825025	0.161880260656654	0.0862545507891541
M014	0.248139964090456	0.205945322658617	0.2884332564163	0.222247934844489	0.230123189428379	0.233728482937817	0.253830932756418	0.26996595122894	0.214690426597792	0.239583497498669	-0.131315508107513	-0.140504147748934	-0.0735151827695151	-0.220901411394604	-0.139897103282144	0.0902209416131254	-0.0545779130643634	0.0376172578255634	-0.143071058590524	-0.125204171136451	-0.153819685655795	-0.101956607450038	-0.0734903785970995	-0.0756666004812121	-0.190207876165837	0.0771975561178162	0.0337827862516718	-0.148652250376614	-0.0183412130883559	-0.153509237719623	-0.154806862269272	-0.120825951829633	-0.0490268581683699	-0.0282976524941153	-0.176459270436731	0.0168749527090341	-0.118938425517805	0.0393374980546249	-0.0344264254761036	-0.0287960235502944	-0.0342587428945699	-0.019002662282824	-0.113829062786883	0.0690153591487666	0.0273937014043373	-0.00466708756718256	0.0916719433785678	-0.00566555329614253	-0.0181420609996532	-0.0380279697631815
M085	0.227218345690722	0.222267613745713	0.303512706179158	0.200278827196001	0.219929693020519	0.228269606411278	0.250173062339632	0.259917432444939	0.20989487734921	0.232798186807968	-0.111595746367125	-0.167086476744396	-0.0903388524226944	-0.286718857286722	-0.0910046600692891	-0.0574433057928285	-0.20906100483035	-0.185177214924112	-0.00560054147287471	-0.0993505840845501	0.0289531064022243	-0.016199550668536	-0.00517691671630345	-0.0821666637918263	0.00587074797810923	-0.214010014917755	-0.0942551988954344	0.0284846140633854	-0.234285101985595	-0.0434429420770073	-0.0956761395877111	-0.034199697271373	-0.0135421826555046	-0.00842226019197783	-0.159056468978029	-0.0268615196444172	-0.0797484164951414	-0.0135107397733299	-0.00471398215296464	-0.0183527801072521	0.000198038880145357	0.00384263349807328	-0.0340720267563269	-0.0479647460484592	-0.0517869491746316	0.0771197992985698	0.00714872617118109	0.100924454881091	0.0901605245537225	-0.116141455027124
M100	0.200118348137531	0.197597862989167	0.29952204255837	0.18724493807242	0.235590597564425	0.192998886719874	0.233301784010114	0.273331167103465	0.189553481505526	0.236943055390211	-0.113860620209429	-0.136154112507069	0.0287747185806893	-0.236625560546302	-0.0840157237355581	0.113283214375291	-0.196669999493922	-0.0104724062274459	-0.0613668155641081	-0.154551367399473	-0.138881833766777	-0.12442689850263	0.0281832204805844	0.0559782984124545	0.0619844131079234	-0.20119231227853	0.0856515288596536	-0.0126451200280691	-0.213751229721495	-0.048391867305255	-0.0473292512661544	0.0192017916289534	0.0764582532974977	-0.102628208011249	-0.185547280250215	-0.0175507564528425	-0.0757282398305748	-0.0765124021989762	-0.0549780123127765	-0.130573696389708	-0.0765707499945735	0.0368759637919103	-0.030358202613793	0.115687200870524	0.0360988496478002	0.0774030950418263	-0.142817596791542	-0.0750456963205929	-0.0886564635439962	-0.144480288883154
M128	0.226159744308375	0.183495318875632	0.307389172485703	0.199390396601767	0.223625536632213	0.207363436287155	0.241937155321978	0.269701980034986	0.194160435032822	0.234043659670526	-0.211989501434532	-0.158300811961407	-0.150578003930297	-0.0972501319073837	-0.19618792735523	-0.180184358671829	-0.14888030677758	-0.205477976281008	-0.133576048520481	-0.196792980269209	-0.138157235262147	-0.108775743535198	-0.0900399985436399	-0.101152115160172	-0.0717778113293797	-0.0477850090620629	-0.116488695172008	-0.153969953725994	-0.0383245163773866	-0.130107670265999	-0.0341630662161159	-0.0284614416318513	-0.00288096000713196	0.0136905115458222	-0.0145227553928925	-0.0650494686543192	0.00692932533693224	-0.0412176083191466	0.00842975682995047	-0.0502101130004278	0.0261269987038416	0.0288352100513366	0.0393211180445843	0.109744053454428	0.0841433126332566	0.0867330145113762	0.0712075635476023	0.100783895385929	0.0429505057038461	0.00614010776476238
M105	0.225709200449444	0.199192468966557	0.299714186998887	0.193024987491117	0.16948500931647	0.211837980256952	0.240080252168684	0.256165258276327	0.19247182456268	0.19347897794664	-0.125818591556384	-0.132562375998894	-0.0797705813757014	-0.181618838132671	-0.13009130776697	0.0514476270584437	-0.237299843542085	-0.0820044666153679	-0.0630386091855487	-0.0856394973669387	-0.185140987673989	-0.0830205593039545	-0.103474483512621	-0.0264505340739154	-0.0831111318814987	-0.00633308629370058	0.0109289888774093	-0.212834094866559	-0.068351343084667	-0.0828569104362309	-0.134508506243133	0.0240375961184485	-0.0706261808227952	-0.0248394148970609	-0.239149350951338	-0.0261308180089341	-0.180480588235651	0.0410152594242478	0.0824419830671044	-0.0142478869293297	-0.0246527781481046	-0.0623699336452048	-0.156236829465812	0.0932617295951803	0.0124681567074105	-0.0683946575026442	0.166899770961702	0.133189239438555	0.111527639237604	0.0626760505978425
M117	0.21128391764694	0.18058955926227	0.302170850948621	0.181762856445004	0.215278446125327	0.20372072508713	0.230297531315605	0.253713397750748	0.183973800519499	0.224432875627427	-0.229692148875628	-0.131500820611682	-0.190594139730324	-0.0657189777191734	-0.18256671825839	-0.201493077838057	-0.221113843252362	-0.251132860916131	-0.111630678051894	-0.173296234066213	0.033984349481832	-0.0923048471574391	-0.040013774241293	-0.0883297150716084	-0.00305576722766671	-0.169547154018763	-0.0986088895761484	-0.0277561832482606	-0.0904322345077596	-0.0576082410217079	0.0494245551490104	0.0763590005812984	0.0457945280707267	0.0301916702622844	0.0021965751309802	-0.0587131517680103	-0.000728857756456181	-0.099193216548528	-0.0337989826784534	-0.100187184558706	0.060899880481359	0.0369166950691588	0.150410941647998	0.120954899676485	0.0263164877498641	0.0456430727718722	-0.0922355967535025	0.0491826887576864	-0.0146202657246924	-0.0896257443802765
M031	0.225945002914948	0.193761096146015	0.283101179420823	0.202636627224834	0.2193401622812	0.207208060474651	0.238994416423937	0.253730353053546	0.197352743267342	0.227812068762044	-0.146074758202321	-0.171248870460287	-0.181292149317399	-0.120546240960208	-0.209656153613875	-0.112173865975306	-0.0892446009600378	-0.0916494011891085	-0.200626017529327	-0.0932197864956948	-0.0505073140069205	-0.114802464496607	-0.0600615664143786	0.0258104954860296	0.0862804861677252	-0.187997000482256	-0.00263349474692777	-0.136622307469983	-0.0921459482035108	-0.0556607947005641	-0.0544240130473295	0.0836608029171936	0.0809578538689662	-0.0121260802266429	0.0746221831685829	-0.0187471040710956	0.0619828047970583	-0.0229425782571256	-0.103767029113896	-0.242987008838994	-0.0642774799641543	-0.0550881477210231	0.00858950928950709	0.212627913682751	0.0412085307188825	0.0251411244218192	-0.0286965826775536	-0.0371381814410526	-0.0726239983547534	-0.121782475549525
M144	-0.237989025146076	-0.277710881988632	-0.204783715412336	-0.233481992075182	-0.226445544523723	-0.250861031439807	-0.215831624772342	-0.232790463113939	-0.260738467803332	-0.229087974950109	-0.0129940648684044	0.112740649227864	0.150865542963824	-0.112246785791202	-0.0440588119168972	0.160842329719418	-0.0488529990678399	0.0663649541623135	-0.107167603104385	0.0535470349794596	0.0644099069453278	-0.0521387112626408	0.0814894265291212	-0.0538845052775422	-0.0374897306610419	0.265313640402221	0.135028520684824	0.000121501023437967	0.0528616330654609	0.0252039152778818	0.00918415000568219	0.0633737827307288	0.0391990995977353	0.0557325621825185	-0.0361591132831821	0.0585186964354851	0.042282593321299	0.0862925124598184	0.0819463790087556	0.010463330298624	0.107905190564185	0.134381414324602	-0.0210102622167734	0.231892247120021	0.166110815008117	0.16060517735795	0.126633691554456	0.105578178156814	0.0860693799804243	0.160765053587018
M051	-0.256378362123	-0.257712569330339	-0.202537423341636	-0.267759394361025	-0.279346184885022	-0.257190752139642	-0.251262625386187	-0.242534632567861	-0.263402627082416	-0.270187237845191	-0.0445993808022639	0.0181700610099014	0.0781153254668865	-0.111078837630753	0.0242055300351367	0.163938541959306	-0.0322843619526256	0.0942729800601453	0.0121089388701976	0.045477356252494	0.0700783488005623	0.0708115042491754	0.0744190564930656	0.0275817992454585	0.0412175287232708	-0.0468636910248897	0.141719349935317	0.0325247487284207	-0.022656941367168	0.0594815973898794	0.021062724292673	0.0928609677288517	0.0567852554700843	0.119563295299445	-0.0768297535585902	0.169966087405987	0.0160009815042738	0.161748234065434	0.104339143585431	0.102918647104632	0.132123583237105	0.142278199663383	0.0595616555852371	0.129065802128757	0.123603472402132	0.119322984107469	0.11514068415284	0.0423895882275518	0.16008060508998	0.059690197128125
M132	-0.25993478385375	-0.261723798275643	-0.203593199632167	-0.26851063079935	-0.306341778102193	-0.24626441101581	-0.242363613947214	-0.236560925347436	-0.260517483532674	-0.278905487571818	0.00316581524802264	0.137441193940334	0.128349901493844	-0.0645227625461788	0.0859117307731926	0.138919793467107	-0.0705562417345661	0.0432916863089162	0.0570355714387249	0.000538821751118921	0.0211711098870012	-0.027807837577051	0.0895848094471102	-0.0487554092350805	0.0115054164015775	0.122820734678308	0.120489357878992	0.0124748434377604	-0.0287312250038792	0.0569730106236336	0.0283353945616854	0.085537512885027	0.160998769739368	0.0732886690292577	0.0196771595162457	0.0349865329520052	0.035405513938591	0.057708599054095	0.113022811548054	-0.00819764607235353	0.102504521447234	0.134359438946814	0.0216172638822201	0.171329667880757	0.150368700240325	0.124821598196096	0.134528458800351	0.147096200277484	0.118466011163373	0.0695606134125379
M138	-0.250988193758258	-0.268029145010904	-0.205328831821195	-0.273084068453978	-0.246495394849176	-0.284543510741994	-0.3024353181574	-0.21997777765189	-0.272140361223072	-0.267645168310628	-0.0149647997237664	0.00448744035551001	-0.0289903790417372	-0.0484891438493781	0.0343462054741612	0.00900903546551964	-0.00478434542287989	-0.00919169435989879	0.0345982599825627	0.0508327782313754	0.0518758910096809	0.0468630945212862	0.11811472722906	0.100304842817602	0.109502524752931	-0.0187003119153996	0.018610777116668	0.0977004916929135	0.0896475747048992	0.108466282473486	0.0661430193558565	0.115633787915234	0.0553616092733125	0.190309298811322	-0.0399352712805005	0.12505784046946	-0.00865679359190353	0.112678073953522	0.107145636515716	0.073353778141013	0.154597983779657	0.118782758709364	0.13457096990545	0.109684074360008	0.0703574339491244	0.0607506048651666	0.0254428141216566	0.188853307972086	0.154689836114257	0.0266077551240951
M018	-0.267779984487588	-0.274082110548238	-0.202751374678066	-0.278482904165444	-0.249035399372772	-0.25841453470018	-0.23999860023779	-0.23865334541345	-0.269157190311678	-0.270863855538243	0.0333138534346005	-0.0967072534853662	0.0508021266819427	0.145686001825284	0.0554918476273888	0.0196620122526547	-0.0516249033154015	-0.0311777407098067	0.165079528557487	-0.00660158333582825	0.0947088463341756	0.00329101041875606	0.119285851391767	0.089376292002401	0.0602575048075169	0.0102507722084634	-0.00951756037726	0.0731617807754708	0.0621478776493019	0.110311012629011	-0.0014737321452744	0.0917192358723697	0.0646093569411568	0.135871285745651	-0.00775738277699014	0.0630682902773837	-0.00586285001389286	0.0640314367223957	0.105736034375077	0.041973150031706	0.0933771195551158	0.0818071205943275	0.0625326079785952	0.27147777795002	0.112102290538914	0.0575248822816177	0.0739011336029075	0.20861993946531	0.0867138998044571	0.052050425280044
M044	-0.271036625373768	-0.292614884039217	-0.222139330658474	-0.272350844399976	-0.246141101788106	-0.270208321090436	-0.242544341502291	-0.245436464831452	-0.292123654411796	-0.252970914689701	-0.0342119112225909	0.0465345798121589	0.0538101595041861	-0.0209624451786706	0.00214934666358033	0.0778949170144413	-0.0795190415010791	0.00480599517925511	-0.0234479769331733	0.0364476123499177	0.131290228072564	0.00186298619244909	0.0931678459782508	0.0229596139940795	0.047339913519738	0.0363920454606649	0.0821503124976887	0.0712697576211936	0.00127966386766986	0.0865852076612196	0.100922367450641	0.121189825108169	0.0676827990723835	0.108448978076185	0.028092891656624	0.066365058381529	0.0586910703789088	0.0576266702794789	0.0779604918545486	0.0340568645006601	0.127817715808455	0.17434945586257	0.144144693888526	0.214784539163006	0.162584156277907	0.143672198555955	0.0268599770753658	0.115987538824096	0.0790144845768924	0.059515895439774
M113	-0.261816834865974	-0.273627087504863	-0.203809294926518	-0.269231483594541	-0.275516906070159	-0.265926612092645	-0.242620439635454	-0.243799654572707	-0.282898313516044	-0.25972581575473	-0.0368632824077424	0.0201974190517553	0.0119817489563542	-0.00784596125431888	-0.0199470659416305	0.133249370535551	-0.0311998951516288	0.0598065577398163	-0.0586061967253609	0.0190900708072161	0.0436803102559036	0.0491531592363505	0.0399917477747307	-0.0064385360672874	0.0297221261041311	0.0347722708673681	0.130456781535782	0.0390877820166243	0.00993391124584439	0.0402727915060864	0.107340624578324	0.0265662378912624	0.0397159203209033	0.111909894998982	0.0547189581502333	0.127739837940115	0.137012907498373	0.116871066589926	0.0797704007548374	0.131243169477767	0.133568990220153	0.102080872420587	-0.000365726655786456	0.156898427225874	0.154393034720045	0.229868384073229	0.0494520491580433	0.12693921561925	0.146313825459507	0.0464392420064614
M068	-0.25048739124826	-0.273758947547427	-0.212201781727566	-0.276245656929933	-0.261709955720696	-0.263861311496362	-0.242764438684817	-0.239421276426901	-0.269442180741854	-0.288433613854669	0.0314988784055283	0.0102812839928517	0.0467357029155493	-0.0193096688273401	0.0441726869085208	-0.00172369591105269	-0.0469999613746477	-0.0588381916052528	0.0543061628409343	0.0587672483952534	0.0612518381794858	0.0249749187515885	0.109748281818438	0.0820772788371074	0.0771144662475573	0.269895190934808	0.00232167856252966	0.0750526426141508	-0.0164935941368269	0.0519071217254774	0.0508305507726182	0.0876787428206521	0.146323674053695	0.107827835451797	0.0400950295055174	0.0299658415792104	0.058523888577564	0.0108065448237823	0.124044216383194	0.0378293898933365	0.0913935170641691	0.113088475801801	0.136341929157678	0.201354871003349	0.12475164944278	0.1512894686587	-0.000701036525963076	0.10083002324608	0.0823077842149894	0.0270038891788735
M133	-0.284996976153877	-0.267920585643454	-0.209707817653043	-0.282287886807408	-0.278111577051634	-0.245597319181978	-0.23726536507268	-0.240132284700225	-0.303108814664601	-0.257192617380705	-0.0108126391841137	-0.0159068407087059	-0.00394374795453852	-0.0209400226478035	0.0128273635824303	-0.016982454762054	0.120840286907921	0.0419125104442666	0.0132758001799229	-0.0318023443060718	0.0823098609047195	0.0309900691451952	0.173557616942742	0.142293930448613	0.133199860679998	0.00995394668027449	-0.0148078508974781	0.0727887998170471	0.162998491543575	0.06092078653778	0.0913366659782433	0.0850424042279422	0.0625978683897192	0.179572777409392	-0.00597372312910985	0.0572132354511138	0.0566097190916372	0.0465448988923395	0.0425933478781171	0.063369486049607	0.12884471779024	0.105112673136013	0.130996503751493	0.137706754961463	0.108873726903538	0.141366347961462	0.0131832262980805	0.113633083002249	0.0889613161354205	0.0160627907769259
M009	-0.258835251866828	-0.273649636818159	-0.204373352431155	-0.269590128718548	-0.277648404642244	-0.272148354071498	-0.256898847432365	-0.246022364018523	-0.265996346213992	-0.275069443580173	-0.0597828758130567	-0.0172595122936489	0.00502177048222081	-0.0501602050952955	-0.0113316688440616	0.131383396803985	0.120418781181667	0.135218102361122	-0.0408690395269022	-0.00892071099042102	0.0204850281569612	0.028907636765189	0.0995996906679145	0.0836333450193552	0.082997221075488	-0.0262236773329598	0.111799990113969	0.0159141382509637	0.0437439429216929	0.0401637357871213	0.0624624629554115	0.0515912315010019	0.0662278640169522	0.142486399661881	0.0111632993029328	0.129378537428166	0.0647104954916418	0.127590097604016	0.0537693480504574	0.0922611502098346	0.107455151015598	0.153534685980996	0.0711776894674657	0.158451264580804	0.140525458362755	0.155618489853596	0.111182761663984	0.0361878704920311	0.12197188218969	0.0377469002729651
M008	-0.262054520347033	-0.270643489777764	-0.250891567086641	-0.258420791413786	-0.292046664142309	-0.244342372328333	-0.249760386088626	-0.255086873000882	-0.268391410689689	-0.269460242149449	-0.00716830459429238	0.0461337479873605	0.0301883867004072	-0.0695785679888603	0.0487918335932693	0.108065816985051	-0.0565066682397553	0.0297118168974352	0.116056085712277	0.0147571976678754	0.0578566444699434	0.0295011781130405	0.155996437923535	0.0988856738023103	0.102155039571126	-0.078701842260204	0.0874617546522395	0.0987258652862414	0.000683663712831592	0.108260313685316	0.0336095966794932	0.107944710707515	0.0901431299331771	0.0976006191266314	-0.00229415451618147	0.0757320565615244	0.0211724654159795	0.063065886028901	0.117446438981089	0.0275199013885364	0.0981465824788899	0.161958754866799	0.126834172077571	0.180392136873148	0.129829460633001	0.0835779088269429	0.0636372336641119	0.101951916519878	0.0933255331601228	0.0282278939402357
