module	logFC	AveExpr	t	P.Value	adj.P.Val	B	Directionality x -log10(p.adj)	regulation	wild01	wild02	wild03	wild04	wild05	wild06	wild07	wild08	wild09	wild10	lab01	lab02	lab03	lab04	lab05	lab06	lab07	lab08	lab09	lab10	fam01	fam02	fam03	fam04	fam05	fam06	fam07	fam08	fam09	fam10	res01	res02	res03	res04	res05	res06	res07	res08	res09	res10	hos01	hos02	hos03	hos04	hos05	hos06	hos07	hos08	hos09	hos10
MetaB_M066	0.210137428099037	-1.30681056254023e-16	6.48848000892706	3.0314455707888e-09	2.95691781230315e-08	10.8281355698971	7.52916074654567	Human_up	-0.205473198548138	-0.268181689489363	-0.150848690091347	-0.275868056197671	-0.257110375562805	-0.244717774643211	-0.223394677308449	-0.200508854912041	-0.250012069230725	-0.2199625509857	0.00977804476080039	-0.0666853199925816	0.106822666996806	0.0687949636019045	0.0259068635403732	-0.126383498129531	-0.0342919908151075	-0.0913327401318631	-0.0642169055439667	-0.0539632845058326	0.125619693554943	0.0963085801640096	0.0793230916152775	0.0949373175712456	0.104520951275521	-0.0820207530207582	-0.08218566114709	0.101103997570147	0.0865216411955369	0.0539370343476809	0.0836999622017489	0.180038538170658	0.0823296912780645	0.0811454641239906	-0.0442065957802752	-0.00143167903874416	0.0205590111576551	-0.0129127909113135	0.0730407940992906	0.10829645822933	0.110938825962223	0.127854409286702	0.258455597290655	0.102826323022293	0.142168608708036	0.181612048505525	0.00638775057031212	0.264633566156468	0.129003160276947	0.0491441007523627
MetaB_M084	0.21002308193741	7.56339435525888e-18	6.48351607696189	3.10324798957914e-09	2.95691781230315e-08	10.8055181730595	7.52916074654567	Human_up	-0.281268769594358	-0.271159226222904	-0.199136879207785	-0.248736556485178	-0.25733516849627	-0.26524192107987	-0.229801600382053	-0.2395659972141	-0.270349639306102	-0.278609766117836	-0.0777341473326033	0.0217128578462784	0.0211141289292043	0.0495458461727031	-0.0534838098333	0.014769234480018	0.0317047385360219	0.0117121662914416	-0.0356164133277486	0.0372039390955192	0.0648754725264175	0.0410205541118877	0.044984632045476	0.0406304649282745	0.0746248515685478	0.0328887008707658	-0.00982227503491897	0.00627445548444773	-0.00345832261284917	0.0222370803312841	0.183792657112031	0.0824061363647326	0.134641577930291	0.150998547165824	-0.0144616965304788	0.125939836617779	0.0591797912896708	0.118486018844353	0.0683186399267807	0.117004133214184	0.140645500309247	0.176924416229342	0.173039928575558	0.107496059293705	0.15279590601223	0.152419985301394	0.0204205905239776	0.0558640922333858	0.197555173779431	0.00255407483615108
MetaB_M133	0.209821111063196	2.0122792321331e-17	6.47475626130242	3.23407710820126e-09	2.95691781230315e-08	10.7656227460116	7.52916074654567	Human_up	-0.284996976153877	-0.267920585643454	-0.209707817653043	-0.282287886807408	-0.278111577051634	-0.245597319181978	-0.23726536507268	-0.240132284700225	-0.303108814664601	-0.257192617380705	-0.0108126391841137	-0.0159068407087059	-0.00394374795453852	-0.0209400226478035	0.0128273635824303	-0.016982454762054	0.120840286907921	0.0419125104442666	0.0132758001799229	-0.0318023443060718	0.0823098609047195	0.0309900691451952	0.173557616942742	0.142293930448613	0.133199860679998	0.00995394668027449	-0.0148078508974781	0.0727887998170471	0.162998491543575	0.06092078653778	0.0913366659782433	0.0850424042279422	0.0625978683897192	0.179572777409392	-0.00597372312910985	0.0572132354511138	0.0566097190916372	0.0465448988923395	0.0425933478781171	0.063369486049607	0.12884471779024	0.105112673136013	0.130996503751493	0.137706754961463	0.108873726903538	0.141366347961462	0.0131832262980805	0.113633083002249	0.0889613161354205	0.0160627907769259
MetaB_M056	0.211192110609536	7.14706072102445e-18	6.53442132850554	2.44015321027978e-09	2.95691781230315e-08	11.0377946234069	7.52916074654567	Human_up	-0.254140273379683	-0.264853385595114	-0.184228140655963	-0.272783917763408	-0.281721799157103	-0.248454048857781	-0.241948566582009	-0.240196841774885	-0.277505963665864	-0.270868136198825	0.0355249625506225	0.0277123184322873	-0.0128875967938242	-0.00583726658089717	0.0272768005346423	0.0252532382716477	-0.0480034628267836	-0.0474494834434299	0.0487351290466357	-0.0479288928746927	0.0688665612873599	0.0228947327179012	0.14575252343209	0.109825302979634	0.115943341338264	-0.0977190313977063	0.0285989486307344	0.100858555901295	0.0119681838535069	0.0552818103035187	0.102329152244665	0.142997693515678	0.0923792491155362	0.100778858061682	-0.00872472991567553	-0.00152493415540513	0.0226949950318921	0.0290312681643813	0.142898742347007	0.0436865597557724	0.147445669055496	0.153606157590985	0.169072434914987	0.179122207864983	0.125311684117403	0.126037548589673	0.0710391978113983	0.17227256830402	0.111320787521911	0.0502592883314399
MetaB_M030	0.2151044201813	-1.97238059218563e-17	6.70735978908753	1.07275894119961e-09	2.57462145887906e-08	11.8322700532155	7.58928661532375	Human_up	-0.168015742250625	-0.205641252257015	-0.117821736804207	-0.212105694250375	-0.184992613102004	-0.191015335983337	-0.183897695473084	-0.189277483636261	-0.20708996382385	-0.222609808887905	-0.00937432631142259	-0.0418297445673962	-0.0818599352288089	-0.0458970226192752	-0.0285782652939547	-0.13221156693761	-0.215656652120506	-0.201328126498076	0.00848178349015927	0.0494681403799496	-0.0560220696119935	0.0923043165214347	-0.0233791196710433	-0.0216727383896138	-0.127573002168078	0.0588762419120272	-0.0844184650176641	0.0579246598273592	-0.00556514741075412	0.0315629962058132	0.0612611779805611	0.0904173631595394	0.0428122407128398	0.125805837314079	0.0213887726213859	0.0825240922175174	0.0808039678066568	0.0551029676835781	0.233042948223241	0.128045629463278	0.203898125725531	0.163281516751874	0.162576028228946	0.0689097867375481	0.176074454462288	0.224789778260966	0.0286006372019676	0.18248494548125	0.309111012580296	0.218284087364772
MetaB_M034	0.216831351085557	-9.50194783966296e-18	6.78500166656258	7.39913982478035e-10	2.43893936110119e-08	12.1915421738589	7.61279899733552	Human_up	-0.129091931125281	-0.151935426199661	0.0262935415081061	-0.176809440167419	-0.163351645825174	-0.138881122913055	-0.0873287149854051	-0.0696265808280407	-0.161183144565978	-0.151072415154457	-0.248098090291115	-0.0974097716045567	-0.13011919600192	-0.00755300516974939	-0.18053411213221	-0.201403990170695	-0.0610682312922969	-0.168317445632537	-0.159745262372936	-0.144740228102302	-0.0189911577163032	0.0086161905141587	-0.0456238585012555	-0.0468154832481246	-0.054798420363976	-0.0526975833325674	-0.0568067476655417	-0.144494445712923	0.0900491312621665	-0.0568917380616586	0.118189039627738	0.0905126976387937	0.0644171502282466	0.165203752615823	0.118012000007438	0.0871607635404749	0.168405230876377	0.109269349860041	0.102579159989135	0.120000285838283	0.149797846442974	0.193016103373962	0.252290614215031	0.00167104997914575	0.24756837024299	0.274985759515175	0.147731802315656	0.200835642765779	0.232511478265397	0.136272228514247
MetaB_M127	0.216206656814694	1.25333771139324e-17	6.7568211814255	8.46853944826803e-10	2.43893936110119e-08	12.0609632015974	7.61279899733552	Human_up	-0.225241192294895	-0.249606157889897	-0.133652871306195	-0.249614266692872	-0.246484187938563	-0.234499339117969	-0.203477876579826	-0.197281245022891	-0.253741061533736	-0.24213286680762	-0.0852737883600295	-0.0408764519287518	-0.0527312087833766	0.173854186208584	-0.0408193186901932	-0.12454146928535	-0.0668694623623871	-0.123183359802824	0.0897191406871429	-0.088027084274676	0.0131288187460448	-0.033914884000477	0.0225803331574313	-0.000356809326120026	-0.0113324359853788	0.0579888421456247	-0.0182306715097541	-0.0249574097758143	0.0504255220014256	0.0113163800684612	0.0954573374564496	0.0703717903354408	0.0944234980519825	0.139233614001125	0.108066408710727	0.0407321777246081	0.128680354984149	0.0731120085317152	0.110842028422115	0.0484189828865155	0.166888645020434	0.121621536182769	0.157905210803309	0.206298446128987	0.15699901364641	0.191699565489057	0.144835228492923	0.285695392118939	0.107797873788932	0.0787530834782948
MetaB_M037	0.218472432526751	4.00113969734051e-17	6.85955151052514	5.17228438182703e-10	2.43893936110119e-08	12.5379455631501	7.61279899733552	Human_up	-0.24803562704415	-0.266690544827572	-0.151114438188943	-0.265817177304674	-0.265789487177988	-0.254650809039507	-0.21917495415446	-0.209168889680947	-0.26956271816829	-0.258031009678768	-0.109687527544148	-0.057069851259316	-0.0697769974176102	0.0576821122284398	-0.0314993468919731	0.016020679285372	0.0760466427088553	0.0303982402268712	-0.0375341617904496	-0.0882133246017519	-0.0223105368289753	-0.0484105767423564	0.112635094083689	0.120550412479525	0.125560069822237	-0.0184504124163662	0.0916995081556864	-0.00329427792567666	0.140821730017379	0.0260723516222163	0.0709408127944953	0.0845908471199463	0.098591470823403	0.17361252607983	0.158329972404066	0.0323890911886729	0.14171538139518	0.0640012136034804	0.0531232224724563	0.00763957797373941	0.0801050683525875	0.114932018123206	0.133244190373819	0.246855218152734	0.124977065271783	0.136392410554205	0.118850262667684	0.193179178046967	0.0456799739786898	0.0176463266767085
MetaB_M003	0.229249548738075	3.2534738791945e-17	7.36910177549471	4.33011710532898e-11	3.11768431583686e-09	14.9397876797847	8.50616786183189	Human_up	-0.203689650008036	-0.197745175750606	-0.073637659734043	-0.22704272476502	-0.214595654160777	-0.211891458804491	-0.161911938844525	-0.139645039763845	-0.209416352522747	-0.20823471384178	-0.13913610178313	-0.132452062325878	-0.126189953179379	-0.00206076536902727	-0.109347995374499	-0.16848698458669	0.0858168041507845	-0.0325587390403121	-0.140953875544135	-0.137814543608762	-0.074630982572803	0.046964044813301	0.034694565793348	0.0765782151330612	0.0839004157304919	-0.110391855503761	-0.0409307228034756	-0.0552237974978909	0.146215528604593	-0.0253798283584503	0.0773883939175863	0.0961917212460685	0.10767266172219	0.274182854630995	0.0787088843854938	0.0131455432277451	0.137686242122135	0.0905871736138641	0.171441377924073	0.140685680586322	0.115898982846124	0.0785473111022748	0.209264069274832	0.042652849510626	0.191203039342533	0.163518957654643	0.199768130200809	0.211948297170766	0.173771399537537	0.0949354315018676
MetaB_M077	0.23350327796434	-7.0082828429463e-18	7.58062162646945	1.52357320534534e-11	2.19394541569729e-09	15.9522072016997	8.65877418166393	Human_up	-0.255903278499399	-0.274272472247919	-0.172391927754167	-0.271164916346083	-0.277151996914126	-0.261691756120235	-0.232189536826551	-0.226175803360483	-0.277022051463298	-0.271187940913463	-0.0688206779397666	-0.0109704888890118	-0.00854205203960909	-0.0260836180765102	-0.031384191935112	-0.00634723455102584	-0.0420357710862512	-0.0413340638554499	-0.0258035099383427	-0.0215660468152737	0.0488059818620426	0.0222802568080419	0.0552833834685985	0.0171531432800005	0.0342694822062259	0.0168762175452761	0.0411409829925642	0.00742796496807227	0.0375086219991898	0.0374653216258715	0.103919380803662	0.100151353512207	0.0891871022148886	0.13556335420243	0.0612990671911289	0.0968474491670327	0.115173632523125	0.102923699888997	0.106111805579832	0.0907008602074657	0.149987462796213	0.162334570565534	0.141756239475571	0.146187208503701	0.17901334251791	0.201763766380486	0.0987715112262005	0.142134898849524	0.156770147048801	0.103231126161484
MetaB_M105	0.27264501830422	3.64812346997923e-17	8.35592406322496	1.98983271916808e-11	5.02694581684569e-11	15.58346227103	10.2986957958087	Wild_up	0.225709200449444	0.199192468966557	0.299714186998887	0.193024987491117	0.16948500931647	0.211837980256952	0.240080252168684	0.256165258276327	0.19247182456268	0.19347897794664	-0.125818591556384	-0.132562375998894	-0.0797705813757014	-0.181618838132671	-0.13009130776697	0.0514476270584437	-0.237299843542085	-0.0820044666153679	-0.0630386091855487	-0.0856394973669387	-0.185140987673989	-0.0830205593039545	-0.103474483512621	-0.0264505340739154	-0.0831111318814987	-0.00633308629370058	0.0109289888774093	-0.212834094866559	-0.068351343084667	-0.0828569104362309	-0.134508506243133	0.0240375961184485	-0.0706261808227952	-0.0248394148970609	-0.239149350951338	-0.0261308180089341	-0.180480588235651	0.0410152594242478	0.0824419830671044	-0.0142478869293297	-0.0246527781481046	-0.0623699336452048	-0.156236829465812	0.0932617295951803	0.0124681567074105	-0.0683946575026442	0.166899770961702	0.133189239438555	0.111527639237604	0.0626760505978425
MetaB_M117	0.273402995091071	4.54497550705923e-18	8.40834283317694	1.63293592946292e-11	4.19897810433322e-11	15.7802223212178	10.3768563899946	Wild_up	0.21128391764694	0.18058955926227	0.302170850948621	0.181762856445004	0.215278446125327	0.20372072508713	0.230297531315605	0.253713397750748	0.183973800519499	0.224432875627427	-0.229692148875628	-0.131500820611682	-0.190594139730324	-0.0657189777191734	-0.18256671825839	-0.201493077838057	-0.221113843252362	-0.251132860916131	-0.111630678051894	-0.173296234066213	0.033984349481832	-0.0923048471574391	-0.040013774241293	-0.0883297150716084	-0.00305576722766671	-0.169547154018763	-0.0986088895761484	-0.0277561832482606	-0.0904322345077596	-0.0576082410217079	0.0494245551490104	0.0763590005812984	0.0457945280707267	0.0301916702622844	0.0021965751309802	-0.0587131517680103	-0.000728857756456181	-0.099193216548528	-0.0337989826784534	-0.100187184558706	0.060899880481359	0.0369166950691588	0.150410941647998	0.120954899676485	0.0263164877498641	0.0456430727718722	-0.0922355967535025	0.0491826887576864	-0.0146202657246924	-0.0896257443802765
MetaB_M100	0.280775270506388	-1.94289029309402e-18	8.94881946351426	2.15106620385768e-12	5.95679871837512e-12	17.7988866228959	11.2249870745656	Wild_up	0.200118348137531	0.197597862989167	0.29952204255837	0.18724493807242	0.235590597564425	0.192998886719874	0.233301784010114	0.273331167103465	0.189553481505526	0.236943055390211	-0.113860620209429	-0.136154112507069	0.0287747185806893	-0.236625560546302	-0.0840157237355581	0.113283214375291	-0.196669999493922	-0.0104724062274459	-0.0613668155641081	-0.154551367399473	-0.138881833766777	-0.12442689850263	0.0281832204805844	0.0559782984124545	0.0619844131079234	-0.20119231227853	0.0856515288596536	-0.0126451200280691	-0.213751229721495	-0.048391867305255	-0.0473292512661544	0.0192017916289534	0.0764582532974977	-0.102628208011249	-0.185547280250215	-0.0175507564528425	-0.0757282398305748	-0.0765124021989762	-0.0549780123127765	-0.130573696389708	-0.0765707499945735	0.0368759637919103	-0.030358202613793	0.115687200870524	0.0360988496478002	0.0774030950418263	-0.142817596791542	-0.0750456963205929	-0.0886564635439962	-0.144480288883154
MetaB_M031	0.281235213746168	-3.51888657101895e-17	8.98453269006764	1.88291086002118e-12	5.31645419300097e-12	17.9315394966795	11.2743779236872	Wild_up	0.225945002914948	0.193761096146015	0.283101179420823	0.202636627224834	0.2193401622812	0.207208060474651	0.238994416423937	0.253730353053546	0.197352743267342	0.227812068762044	-0.146074758202321	-0.171248870460287	-0.181292149317399	-0.120546240960208	-0.209656153613875	-0.112173865975306	-0.0892446009600378	-0.0916494011891085	-0.200626017529327	-0.0932197864956948	-0.0505073140069205	-0.114802464496607	-0.0600615664143786	0.0258104954860296	0.0862804861677252	-0.187997000482256	-0.00263349474692777	-0.136622307469983	-0.0921459482035108	-0.0556607947005641	-0.0544240130473295	0.0836608029171936	0.0809578538689662	-0.0121260802266429	0.0746221831685829	-0.0187471040710956	0.0619828047970583	-0.0229425782571256	-0.103767029113896	-0.242987008838994	-0.0642774799641543	-0.0550881477210231	0.00858950928950709	0.212627913682751	0.0412085307188825	0.0251411244218192	-0.0286965826775536	-0.0371381814410526	-0.0726239983547534	-0.121782475549525
MetaB_M128	0.285908354406395	-8.02136135291676e-17	9.36235176440472	4.63514425585273e-13	1.36216484253631e-12	19.328428822768	11.8657703330459	Wild_up	0.226159744308375	0.183495318875632	0.307389172485703	0.199390396601767	0.223625536632213	0.207363436287155	0.241937155321978	0.269701980034986	0.194160435032822	0.234043659670526	-0.211989501434532	-0.158300811961407	-0.150578003930297	-0.0972501319073837	-0.19618792735523	-0.180184358671829	-0.14888030677758	-0.205477976281008	-0.133576048520481	-0.196792980269209	-0.138157235262147	-0.108775743535198	-0.0900399985436399	-0.101152115160172	-0.0717778113293797	-0.0477850090620629	-0.116488695172008	-0.153969953725994	-0.0383245163773866	-0.130107670265999	-0.0341630662161159	-0.0284614416318513	-0.00288096000713196	0.0136905115458222	-0.0145227553928925	-0.0650494686543192	0.00692932533693224	-0.0412176083191466	0.00842975682995047	-0.0502101130004278	0.0261269987038416	0.0288352100513366	0.0393211180445843	0.109744053454428	0.0841433126332566	0.0867330145113762	0.0712075635476023	0.100783895385929	0.0429505057038461	0.00614010776476238
MetaB_M085	0.294282543898142	4.17255206081046e-18	10.1179028314196	2.92973246038642e-14	1.02897920559913e-13	22.0814982708895	12.9875934017048	Wild_up	0.227218345690722	0.222267613745713	0.303512706179158	0.200278827196001	0.219929693020519	0.228269606411278	0.250173062339632	0.259917432444939	0.20989487734921	0.232798186807968	-0.111595746367125	-0.167086476744396	-0.0903388524226944	-0.286718857286722	-0.0910046600692891	-0.0574433057928285	-0.20906100483035	-0.185177214924112	-0.00560054147287471	-0.0993505840845501	0.0289531064022243	-0.016199550668536	-0.00517691671630345	-0.0821666637918263	0.00587074797810923	-0.214010014917755	-0.0942551988954344	0.0284846140633854	-0.234285101985595	-0.0434429420770073	-0.0956761395877111	-0.034199697271373	-0.0135421826555046	-0.00842226019197783	-0.159056468978029	-0.0268615196444172	-0.0797484164951414	-0.0135107397733299	-0.00471398215296464	-0.0183527801072521	0.000198038880145357	0.00384263349807328	-0.0340720267563269	-0.0479647460484592	-0.0517869491746316	0.0771197992985698	0.00714872617118109	0.100924454881091	0.0901605245537225	-0.116141455027124
MetaB_M096	0.29543922802576	3.10168557504653e-17	10.2314770205936	1.94467692842053e-14	7.36930204454096e-14	22.4901761038126	13.1325736427459	Wild_up	0.224560746599652	0.225114420648621	0.307216244339107	0.208895223588969	0.220992588822362	0.228935706293204	0.246963243477133	0.255808812063017	0.217978163674812	0.227048674699205	-0.0880978219634803	-0.168423497515193	-0.0864646587108369	-0.140793977782565	-0.102474750059599	-0.180348743970092	-0.254839290580125	-0.207982554886202	-0.0737339820216069	-0.0340617107316231	0.0734718097109582	-0.0929880244111774	-0.0326797863600499	-0.153023575046133	-0.0545269317814146	-0.070750884465811	-0.13093951487973	-0.064806933654388	-0.132017220511068	-0.0326910121955066	-0.0853415293246296	-0.0793210020456817	-0.0193650137714301	-0.0252076064200049	-0.0830685948294941	-0.105517794288537	-0.0477034834270035	-0.179430982252536	0.0461482218534872	-0.0626280464117339	-0.0255797184451372	-0.0159519549116021	0.018664325356706	0.0683309220721471	0.0297473402861142	-0.034166763483301	-0.0677752696761109	0.0846913758825025	0.161880260656654	0.0862545507891541
MetaB_M014	0.300836119807235	1.20563281580388e-17	10.7964292703236	2.58863485559955e-15	1.2853911007115e-14	24.5012614154572	13.8909647112136	Wild_up	0.248139964090456	0.205945322658617	0.2884332564163	0.222247934844489	0.230123189428379	0.233728482937817	0.253830932756418	0.26996595122894	0.214690426597792	0.239583497498669	-0.131315508107513	-0.140504147748934	-0.0735151827695151	-0.220901411394604	-0.139897103282144	0.0902209416131254	-0.0545779130643634	0.0376172578255634	-0.143071058590524	-0.125204171136451	-0.153819685655795	-0.101956607450038	-0.0734903785970995	-0.0756666004812121	-0.190207876165837	0.0771975561178162	0.0337827862516718	-0.148652250376614	-0.0183412130883559	-0.153509237719623	-0.154806862269272	-0.120825951829633	-0.0490268581683699	-0.0282976524941153	-0.176459270436731	0.0168749527090341	-0.118938425517805	0.0393374980546249	-0.0344264254761036	-0.0287960235502944	-0.0342587428945699	-0.019002662282824	-0.113829062786883	0.0690153591487666	0.0273937014043373	-0.00466708756718256	0.0916719433785678	-0.00566555329614253	-0.0181420609996532	-0.0380279697631815
MetaB_M129	0.309767375049855	2.16840434497101e-17	11.8860109061659	5.9085133266527e-17	4.25412959518994e-16	28.2705257572308	15.3711892841515	Wild_up	0.251360244011343	0.225958854836578	0.279030509720196	0.232929173368588	0.244080957570742	0.243266076833959	0.256132374951105	0.271985737856381	0.22863444020805	0.244760631041894	-0.208895265641751	-0.212197779995222	-0.0983488542557104	-0.179998971873415	-0.186437509021675	-0.123125887188753	-0.0333609139253078	-0.113694854635112	-0.135066538097071	-0.145740160571243	-0.0732080841164515	-0.0230924079311482	-0.126014253659896	-0.0249584511456035	-0.01107537439161	0.00751788387632748	-0.0964029204033033	-0.191952375797725	-0.0346702457657071	-0.115827201333839	-0.10484274230141	-0.0548985571072239	-0.0409830496709348	-0.00932185536518109	-0.0274292192342412	-0.0781162956445593	-0.0452352060350916	-0.0867539121360681	0.0316463827887989	-0.015198449986317	-0.0459055171163556	-0.0371838323960132	-0.0882609058635358	0.0937643469270376	0.0284357709119311	0.0177847896610536	-0.0254365741766659	0.0959596834005587	0.032873127743437	0.00751318107616195
MetaB_M010	0.313015565235416	-5.05932101768636e-17	12.3428036483964	1.26650868223058e-17	1.1173895365123e-16	29.8057679842066	15.9517953997883	Wild_up	0.251304080061928	0.229519266540636	0.326379797579691	0.224969933551581	0.226242687173738	0.234507584961712	0.268869560923777	0.281569147521472	0.224958761108224	0.235803702460566	-0.230416284834221	-0.200106588691154	-0.0973965973775004	-0.0816351870159808	-0.210241929381188	-0.0849425995736078	-0.0204940302951884	-0.075130082361022	-0.0263858543910869	-0.134700640798958	0.0213616986645975	-0.0711645899700258	-0.0461753924734502	-0.0629358527279957	-0.115413626115736	-0.0805328416503951	-0.0602489926067596	-0.0201172656367513	-0.0678265561055409	-0.148944125833748	-0.105075610064859	-0.0248810402410302	-0.13533199454536	0.0116591846869382	0.00062126943724526	0.0684150771097684	-0.0234314999666343	0.0515588501583736	-0.000897925346716479	-0.131250918388255	0.00461120341830108	-0.058499431603479	-0.085616956504265	0.12664807540075	-0.0249862566622633	-0.0393239057833336	-0.0653320835047923	-0.0446346792392153	-0.0786860704011662	-0.136242470667622
