module	Metagenome_fam01	Metagenome_fam02	Metagenome_fam03	Metagenome_fam04	Metagenome_fam05	Metagenome_fam06	Metagenome_fam07	Metagenome_fam08	Metagenome_fam09	Metagenome_fam10	Metagenome_hos01	Metagenome_hos02	Metagenome_hos03	Metagenome_hos04	Metagenome_hos05	Metagenome_hos06	Metagenome_hos07	Metagenome_hos08	Metagenome_hos09	Metagenome_hos10	Metagenome_lab01	Metagenome_lab02	Metagenome_lab03	Metagenome_lab04	Metagenome_lab05	Metagenome_lab06	Metagenome_lab07	Metagenome_lab08	Metagenome_lab09	Metagenome_lab10	Metagenome_res01	Metagenome_res02	Metagenome_res03	Metagenome_res04	Metagenome_res05	Metagenome_res06	Metagenome_res07	Metagenome_res08	Metagenome_res09	Metagenome_res10	Metagenome_wild01	Metagenome_wild02	Metagenome_wild03	Metagenome_wild04	Metagenome_wild05	Metagenome_wild06	Metagenome_wild07	Metagenome_wild08	Metagenome_wild09	Metagenome_wild10
M00534	-0.201429711118017	-0.309523811399766	-0.23758218621699	-0.243194525127539	-0.228774501065399	-0.214661721834129	-0.250793713944377	-0.237602669205715	-0.271379117612631	-0.2259478486214	-0.212920667792535	-0.207554124746682	-0.235800166197948	-0.236045962062643	-0.221441591101982	-0.20736977784816	-0.226357508395893	-0.210810919953898	-0.205260030009523	-0.206079349558509	-0.252391387064898	-0.250814196933102	-0.237541220239541	-0.232830132832876	-0.251182890730145	-0.254931277666753	-0.138968286228522	-0.324081847601106	-0.236988179543976	-0.202075132916533	-0.213248395612129	-0.242928246274119	-0.218143829917316	-0.212920667792535	-0.245734415729394	-0.220335509710852	-0.248110442421451	-0.241453471085946	-0.243440320992235	-0.322586589424208	0.060371581490841	-0.0495144337690222	-0.0198009092718037	-0.115907110687646	-0.0332774723752462	-0.0411578447499741	-0.0247533462765341	0.0784904258096812	0.047084404670589	-0.0592301903273843
M00637	-0.261868000259684	-0.292723589654184	-0.291381755791194	-0.295820427955813	-0.20974091978786	-0.272944194492009	-0.301857022099694	-0.291491015413708	-0.318587401797103	-0.281848853726875	-0.271127753267719	-0.266716396008729	-0.289961380698517	-0.289988695604145	-0.277737960429798	-0.266552506574959	-0.282081030424717	-0.269488858930014	-0.264927269690067	-0.265610142330778	-0.303632490965542	-0.302335032948192	-0.291654904847479	-0.287147945418789	-0.302266745684121	-0.305817683415816	-0.300259100120432	-0.362823891462333	-0.290835457678626	-0.271735130069041	-0.271469189588075	-0.295670195974857	-0.275621055243595	-0.271250670343047	-0.298265112009557	-0.276932170713759	-0.299740116913492	-0.294181533618108	-0.295943345031141	-0.361198654577442	0.0225935704276219	-0.153360237186213	-0.138391197378437	-0.0544395775043703	-0.11881578430039	-0.0831800454193461	-0.0216189930909205	-0.0593937328651065	0.00566334174647181	-0.0806799245321945
M00875	-0.271151646941673	-0.378897856645238	-0.255884657220428	-0.280901814187525	-0.310644098774085	-0.286044726403449	-0.284986266106326	-0.349176073464177	-0.201286453517296	-0.292356484392947	-0.33248146379259	-0.327224886133023	-0.284292885820727	-0.282036045242514	-0.289352290341177	-0.32789220222789	-0.271657843667724	-0.292196939672916	-0.325960497742748	-0.326100985341668	-0.302765991861463	-0.326997171241155	-0.209140015731268	-0.248749698290847	-0.298277779168161	-0.242035380511456	-0.22866454357772	-0.318500883701033	-0.307361569464092	-0.245943526682099	-0.303500534594761	-0.198087291566033	-0.336145848664404	-0.28566383836875	-0.351587777245626	-0.298132855995061	-0.29437358005813	-0.290696382623768	-0.314612431451132	-0.399892096674075	-0.124801725882278	-0.0916510718875024	0.0267059263109938	0.0371696579959761	-0.014849606491023	-0.0391716141117128	-0.044280245482093	-0.0558913817572344	-0.104992249051718	0.00615307109806324
M00548	-0.273231001001108	-0.360580973970501	-0.300941972761142	-0.305503562001089	-0.234041481542754	-0.283460433158952	-0.311130432560544	-0.301406326156825	-0.326986735277843	-0.29188708154532	-0.282108345330345	-0.277819905146683	-0.299685487102235	-0.299890348894448	-0.288704895039609	-0.277847220052311	-0.292556296733217	-0.280524080803897	-0.276276612978677	-0.276877540902502	-0.312782984351063	-0.31154015614497	-0.301310723987126	-0.297022283803464	-0.311403581616828	-0.314695027745053	-0.30946422331721	-0.369311181549083	-0.299944978705705	-0.254269076428157	-0.282012743160646	-0.249872838048668	-0.286028034288024	-0.28193079844376	-0.307565837376035	-0.287489381739144	-0.308999869921527	-0.304083186908411	-0.305435274737018	-0.367740574475449	-0.0637934528698754	-0.0826455461595158	0.0397270616277832	0.0764514441512273	-0.0253580249453795	-0.113699385605655	0.0351099191818806	-0.169849671913591	-0.0780401659322279	0.0511340281725155
M00022	0.285882788844437	0.279899285352442	0.269021610725339	0.277804672571117	0.26350718021955	0.272747328425657	0.273995942173522	0.259054770106199	0.236524271604293	0.273550847097938	0.261089738339107	0.270792082306415	0.266125881644414	0.266256676753189	0.268637710058831	0.266484701653281	0.274747707605229	0.262072632251676	0.271859336251547	0.274274250877166	0.269398123849714	0.280096886100632	0.258676199024536	0.281854541236647	0.279302127135436	0.30019006697576	0.286954632505304	0.263804609709543	0.270513645031299	0.291634671428033	0.276756783557093	0.258620810990315	0.270077150822719	0.273806263533701	0.243249128439469	0.273338357633483	0.26262330393919	0.26761783969124	0.283378881588875	0.284116171558536	0.302491676816907	0.32222002756719	0.336967147508562	0.316150781994859	0.310341742522156	0.274779513981742	0.28855176993299	0.276645569355838	0.31065894953375	0.318398818310457
M00915	-0.167606072997012	-0.256731175998248	-0.207585753790108	-0.213812097520181	-0.197727376217494	-0.182379985093368	-0.221922729484354	-0.207722296415768	-0.244698039444355	-0.194723438452985	-0.18038646275874	-0.174351278704591	-0.205510305880084	-0.205428380304689	-0.189616744253321	-0.174160119028667	-0.194750746978117	-0.177956004022001	-0.171593117666269	-0.172412373420226	-0.223342772791212	-0.2223050488362	-0.207394594114185	-0.202260591389389	-0.222496208512124	-0.227575594186656	-0.220748462903682	-0.302291718947524	-0.207148817387998	-0.215641768704018	-0.18082339916085	-0.21337516111807	-0.186257795662097	-0.180550313909531	-0.216461024457975	-0.188387860622385	-0.219164568446032	-0.21192780928608	-0.213894023095576	-0.300489356288819	0.0583384413147737	-0.00165524732423272	0.111494272089803	0.126467458852563	-0.00584495680037227	0.0893945531709271	0.0934131210006086	-0.0381678731543098	-0.089803334480868	0.0490877224227724
M00638	-0.257081991482839	-0.401978653720876	-0.287007638009524	-0.291554861506392	-0.279859074944628	-0.268019907461792	-0.297761207089955	-0.28725343387422	-0.315089815550993	-0.277319184342774	-0.266668030205966	-0.262059357742924	-0.285778658686046	-0.285614794776249	-0.273447899473819	-0.26199790877675	-0.277626429173643	-0.264926976164372	-0.260338786690055	-0.260830378419446	-0.299215499289404	-0.297966036977202	-0.2869871550208	-0.2828291083097	-0.298150383875723	-0.301898770812331	-0.122573030188392	-0.359640316027064	-0.286618461223756	-0.111823293011537	-0.266872860093212	-0.291452446562769	-0.271133321747935	-0.266668030205966	-0.294361030961667	-0.272444233026312	-0.295528561318971	-0.29003912034077	-0.291657276450015	-0.358308921759963	0.177134071283462	0.0120896747064237	-0.0375045488566221	-0.131642985919293	0.0117812698646588	0.0206716121764847	0.0308809256007756	0.0495717374613146	0.16057220898896	-0.0319977281121213
M00595	-0.208126524149114	-0.363445659664152	-0.243541106376709	-0.248774269436456	-0.235041606642086	-0.221109919749247	-0.256091331880174	-0.189609355608954	-0.276543984822855	-0.232067952464959	-0.219412361262305	-0.214073832503368	-0.208966479686605	-0.241492328892468	-0.22744356900053	-0.213921637604539	-0.232161610864239	-0.217340169178244	-0.211826030920658	-0.212563590814985	-0.257671817368017	-0.232484959166181	-0.217212916221362	-0.173655503778699	-0.177748242672448	-0.260961568642713	-0.215866823327704	-0.29970084235674	-0.168747669284701	-0.212323608006047	-0.219681629160234	-0.248446465038978	-0.224598695122412	-0.219529434261404	-0.17763968670686	-0.226495277707824	-0.221452785085816	-0.247193783948613	-0.249020122734565	-0.326639521137526	-0.0224183449166806	-0.141800963814937	0.0661429285185038	-0.0947163728797069	-0.0227677970032671	-0.0265911660959237	0.0225839865941202	0.164662163849578	-0.125672801030622	-0.0539966262729116
ko00907	-0.047661529317298	-0.0441805782202136	-0.0785566491811201	-0.104674693361407	-0.0593370657205926	-0.0436780118032189	-0.120242122760596	-0.100284217316372	-0.119248712261931	-0.077321182016025	-0.0717788886026588	-0.0773111702136457	-0.0801154341369884	-0.0858954536947612	-0.102041351751672	-0.029771801958918	-0.0926024248235908	-0.090561890699086	-0.015674152246365	-0.0411884411706095	-0.104431780928422	-0.0267554882472024	-0.0677000748564099	-0.0908740531344687	-0.0598240837147929	-0.0414783833332334	-0.0668555136078245	-0.214275057894005	-0.102889394181283	-0.0801135719958264	-0.0839610396420601	-0.120041425895266	-0.0708375575171516	-0.0776780292124409	-0.104082971181757	-0.100767026869625	-0.0994993952552195	-0.100761310184526	-0.0954457209640417	-0.20977629335238	0.150578011627248	0.138833087841174	0.215414566565524	0.190894589839512	0.108559277265947	0.147279601098093	0.188907020519194	0.111521404340085	0.149751571465262	0.16098252309852
M00990	0.00393941586978675	-0.0586008786115284	-0.00934052377332692	-0.0844957495709802	0.0256999205354084	-0.0279777958341914	-0.0322885453653708	-0.0285509374162904	-0.0507573445463791	-0.0143813200649836	-0.0074742196410573	0.00352201911889366	-0.0199067208391099	-0.0151242245990873	-0.0067343804930609	-0.047141457932958	-0.0345896958094228	0.00909543795097182	0.0592166486430259	-0.160955325398147	-0.0354334032623573	-0.00927937616566112	-0.0351614506329412	-0.0355776467208233	0.0568392616735589	-0.0403864907150509	0.00382707892790685	-0.194679450824111	-0.0205875679501708	-0.0188558600790543	-0.125984558912423	-0.081789613213436	-0.0208089250637401	-0.0829830610607639	-0.208414410273116	0.0145025173951792	-0.0336687308348571	-0.0123244664767498	0.00187739652180155	-0.13126096026799	0.207120528496805	0.215780377463646	0.2490977673559	0.227614885179779	0.150664133807988	0.159772927263877	0.243980688615615	0.298189074694296	0.0959604052926888	0.209253651222341
ko00642	-0.101049720287694	-0.183876618174173	-0.17185594180812	-0.163453639533052	-0.153514571228309	-0.152715064007848	-0.213453378601738	-0.158540532677047	-0.222272769167473	-0.179549617728203	-0.162885089283961	-0.148783565425782	-0.16471210265071	-0.157173282801499	-0.14021267817345	-0.14935726780572	-0.182150505630407	-0.160974740999471	-0.140761976792002	-0.138928178113271	-0.162420702011327	-0.140674000319426	-0.136372297047733	-0.181129939588947	-0.151559257588323	-0.196247066007249	-0.103880256322508	-0.226526992390899	-0.161022250009071	-0.14431955051465	-0.15689770729925	-0.188397216849543	-0.177653088759105	-0.106382012391443	-0.192600084693569	-0.178677557294709	-0.210044216048069	-0.195136196531326	-0.16136219971872	-0.252056989488346	-0.0213740635868626	-0.084138053291984	-0.0805259344395096	-0.0850677697853325	-0.0890030998952072	-0.0654738075288197	-0.0790652675933949	0.0647555110959059	-0.0422154487596563	-0.0959337124990994
ko00364	-0.051134267349214	-0.00385773952610007	-0.0771136041005279	-0.112028417018532	-0.0866571527682515	-0.0748647463337315	-0.124529354854531	-0.110200045850448	-0.163174479454611	-0.0551498629825383	-0.0678362519375743	-0.0327768833462033	-0.112781394390757	-0.0973389364859662	-0.0803910307617869	-0.0356210256499296	-0.0229578729936823	-0.0555597745111429	-0.0208265987901492	-0.0102718547844966	-0.14338419372752	-0.0691168077970969	-0.0681294781311542	-0.0992437286302598	-0.0830679867332163	-0.146090410807055	-0.1213117959706	-0.235315128356165	-0.112956456032943	-0.117250660406832	-0.0650436456237014	-0.098579953956576	-0.0929168244674251	-0.0616524559756247	-0.102027876741631	-0.0778069924656102	-0.124613083015666	-0.118843179020029	-0.136264050176189	-0.22622533028965	0.146899279857196	0.139639979220213	0.193719890413302	0.198164928813992	0.0628019985429483	0.172110795143617	0.160143903249006	0.136543272735687	0.158020645569951	0.151376190828
M00540	-0.155571236138724	-0.236102071903016	-0.208258256317528	-0.221388548182469	-0.164927547144819	-0.166168458348293	-0.187660848184827	-0.233345859367958	-0.195098919025263	-0.194156992474601	-0.169999551218472	-0.144931158999243	-0.214349229584393	-0.21614711819388	-0.220684518719276	-0.198888921504214	-0.177338565965057	-0.208950949090716	-0.192333854672616	-0.191530858985745	-0.222056513948596	0.00672659192671103	-0.0992951882523466	-0.207240445124384	-0.180767333222805	-0.183796039591438	-0.184813691216343	-0.268019206568061	-0.189942861509008	-0.179921143770096	-0.213818086213177	-0.189198452287792	-0.174635281017544	-0.0862536338628728	-0.235679234096556	-0.171962830109021	-0.239238681721462	-0.17703094136274	-0.139397401288841	-0.274040021376967	0.0769517133051888	-0.0585499095938083	0.0766200052022673	0.15890910548682	0.0251210625404641	-0.107723176112554	-0.0515432458901833	0.0953353858946014	0.0548195241804179	0.122433869098586
M00044	-0.24061730967163	0.034450300369163	-0.268469380897761	-0.227977239050763	-0.134003418833179	-0.283029828972966	-0.256121708239012	-0.253009127572002	-0.181574688133934	-0.270266438100884	-0.272586917453292	-0.241679645691027	-0.22098178746363	-0.217590899358347	-0.227741394735839	-0.243061107080401	-0.231475973372003	-0.259556692653519	-0.203899326128015	-0.225956741911966	-0.252621449814915	-0.135047954922235	-0.255447053792407	-0.26890103955711	-0.252532680349152	-0.265369956245454	-0.257472554901939	-0.164570277255499	-0.25956233961832	-0.259510618874796	-0.268091314287872	-0.289868155098959	-0.245124405684021	-0.228944203541969	-0.21436372792197	-0.245852254960505	-0.248412447390718	-0.236980909767489	-0.242777462182262	-0.173288925501596	0.0717207318372224	0.0580234086414255	0.143624127854813	0.194798298446436	0.103301079714501	0.176049056812981	0.18917069893489	0.205975238679992	0.0731631264047344	0.16788449151252
M00416	-0.411482760489104	-0.474222154952648	-0.424141247520926	-0.426353410303186	-0.296550780538226	-0.416070949963422	-0.428319777220751	-0.424550907295419	-0.435161095454777	-0.419860302877478	-0.415292596391886	-0.413121399587075	-0.423526757859187	-0.423588206825361	-0.418242146768233	-0.413633474305191	-0.42035189460687	-0.414719072707596	-0.413018984643452	-0.413305746485597	-0.42946682458933	-0.429077647803562	-0.424448492351796	-0.084862543045944	-0.428586056074171	-0.429671654476576	-0.427070314908548	-0.456524852694567	-0.423444825904289	-0.425800369607621	-0.415497426279132	-0.426025682483592	-0.4172999292869	-0.415251630414436	-0.427479974683041	-0.41756620814032	-0.427131763874722	-0.425165396957158	-0.425677471675273	-0.455316356359814	-0.0535113973463515	-0.279283797866926	0.0365255497311703	0.040425631917049	-0.0625097505582765	-0.335822311808206	-0.253719876315145	-0.0755419618392351	-0.178023445599433	-0.0378626477415576
M00918	-0.378791910484594	-0.297584355163739	-0.395075886520675	-0.397636260111254	-0.391225084640445	-0.384670528248563	-0.40036049761163	-0.394932505599603	-0.224572379140243	-0.389606928531199	-0.38372831076723	-0.381454699018796	-0.394297532949139	-0.394543328813835	-0.387661044602359	-0.381434216030071	-0.390057554283141	-0.38288850822952	-0.380696828435985	-0.38094262430068	-0.401937687743427	-0.159537794810993	-0.258249588017886	-0.392372132009024	-0.401302715092963	-0.402429279472818	-0.399070069321978	-0.435611721206719	-0.394502362836386	-0.248919521955367	-0.383871691688302	-0.397226600336761	-0.386288684357809	-0.383748793755955	-0.399438763119022	-0.386862208042098	-0.399131518288152	-0.396612110675023	-0.39730853229166	-0.434608054759212	-0.0299075481773219	0.0317788739032919	0.167219827546667	-0.0293638734538508	0.014183303740077	0.240871697487672	0.127116386251286	-0.0892772865686213	-0.0224268632680854	-0.0831975411936515
M00551	-0.109558272084179	0.00269003467645055	-0.0751550454035298	-0.18546778709229	-0.168523971711778	-0.131526933576163	-0.17512597432931	-0.224165828602357	-0.250588884057131	-0.143988652457897	-0.134190606588805	-0.111069445141219	-0.212592939972941	-0.175319338846513	-0.156183367736007	-0.16636283442145	-0.121101347422493	-0.120621001547671	-0.157575632258583	-0.0970461204076275	-0.231752127073575	-0.0647050337765157	-0.164404491503703	-0.15971891028507	-0.073695543574175	-0.245386204921075	-0.168762476030285	-0.30499170210975	-0.184714552370114	-0.182991171153245	-0.142307566543809	-0.149268035279869	-0.197087317508396	-0.138410639607095	-0.206448043355552	-0.142012103623037	-0.197526983104291	-0.162175905647932	-0.212449542521563	-0.297351547315463	0.290899973652238	0.24129768359345	0.358254236871106	0.324165007117616	0.177172664488815	0.256543748180153	0.255576296782339	0.0565962950685816	0.28407338154228	0.278059876012771
M00956	0.0902028235648368	0.295389995977947	0.0429961736985352	0.0221452900348843	0.0567119402719256	0.0575812199410628	0.0868327840164709	0.0725947802178864	0.0288441085476955	0.0437226502988576	0.0265204525666363	0.0276444626760476	0.0319757088996934	0.0140521375732726	0.0398104231241955	-0.00523155957386643	0.0515383216562321	0.0469257216858108	0.00279803998467001	0.00449251933991715	0.00864696304429394	0.120275256108862	0.0391995457870203	0.0578808687507309	0.0301123030274346	0.0677478592739295	0.08821573142982	0.00410680723061937	0.058472041266507	0.128859089997999	0.00815505130516057	0.0376295754343073	0.0213436165679126	0.0413602316274457	0.0321761207506155	0.0338177776292309	0.1188591110738	-0.00384561988133969	0.0592955606720441	-0.0135809346849985	0.327456653757177	0.30184998500612	0.322275571075399	0.291229392237882	0.257479114308519	0.37649847767802	0.331576545045657	0.281535878163407	0.327573510925618	0.277623546895273
M00546	-0.0400366746166548	-0.0403698156868404	-0.0522631150313636	-0.0570761829778124	0.0706056157690232	-0.0114626610511978	-0.0520109897366235	-0.0838264848698414	0.00797995605858324	-0.0242982242477381	-0.0366985451408372	-0.0152279530332901	-0.0628394581039547	-0.0790289119256318	-0.0591479978198594	-0.0305676822419923	-0.0641985987666076	-0.0831837137061917	0.00507563041670246	-0.0656899034835947	-0.0218706892200439	0.0775288315066916	-0.00894770836935061	-0.0208150242547083	0.0130740520436141	-0.0365287189709604	-0.0477622883991625	-0.191854661812932	-0.00044996261573526	-0.0377505181865031	-6.79258764505328e-05	-0.0665015703304919	-0.0336138298357842	-0.0459361068943059	-0.0966378505489275	-0.0395169192992972	-0.0148445859772642	-0.0332622381156338	-0.0587704159615062	-0.157157119582806	0.13542405053213	0.0968078400586949	0.249991458925761	0.194450776881161	0.12998257444078	0.161953812576612	0.185602407947825	0.239690020048366	0.106566554180122	0.18014841127929
M00649	-0.335810205850701	-0.0332358099230792	-0.367829381421565	-0.371041364169048	-0.361602067931547	-0.354162067077684	-0.31047389915919	-0.367304976075037	-0.383020748803793	-0.360536869571413	-0.35080259532649	-0.342543211118677	-0.362683653958761	-0.363748852318896	-0.353817926069025	-0.343100391799363	-0.357521538828878	-0.347607000246086	-0.339921184386038	-0.339544268043221	-0.376760659979617	-0.351738232187726	-0.36938620979407	-0.365272905357242	-0.353470495032697	-0.284464264019927	-0.374581100258111	-0.311257853267521	-0.366305328383219	-0.372286826867052	-0.349393255957697	-0.368796253779226	-0.354227617746	-0.35031096531412	-0.36417493166295	-0.354981450431634	-0.372483478872	-0.369042068785411	-0.371024976501969	-0.40865106011534	0.160716726963318	0.145071842715807	0.131491225658704	0.169382353211232	0.139821144124497	0.211797509420559	0.250715548021332	-0.313963018963725	0.165088508137651	0.14760267137941
M00012	0.270672315304564	0.350914989308273	0.261416712675884	0.197092907323502	0.263422883848878	0.264719880511079	0.229507325813585	0.250256514736857	0.235915578330606	0.266677697092454	0.261524761365155	0.245101457482578	0.224913035229762	0.260443378022573	0.240875719063039	0.298402091150322	0.258938804919734	0.260818107609218	0.31931591665911	0.262799983432357	0.229605534154424	0.29704500667335	0.247262183505596	0.247064606890396	0.250619061380843	0.236360561983486	0.230205282230333	0.230937969688719	0.231564509268597	0.237146862015054	0.250120675256186	0.247064497604313	0.253365147382144	0.254497397221444	0.25259856674756	0.253030371852998	0.272159720132696	0.251010062947358	0.27458253292514	0.237647044487609	0.346335887776531	0.361806600507747	0.434875074975909	0.376716063789162	0.336084985540969	0.409432069534666	0.389488232867109	0.347028168992618	0.351690424792934	0.374441589113958
M00545	0.0154947394118748	0.23469024066406	-0.0407929491001441	-0.0429391245549128	-0.0287802645665471	-0.0207002822911993	-0.0709754386275118	-0.0278114049236125	-0.0573321684680838	-0.0374201937141442	-0.0189215772622383	-0.0214632325781001	-0.0205259811816384	0.00265875245130167	-0.0310470807095189	0.033225074085074	-0.0373167370679444	-0.0153739458135993	0.048058244972676	-0.00802451410063085	-0.015508717699504	0.0292807811735401	-0.0181580232707147	-0.0346485730885113	-0.0219019435846289	-0.040077812891033	0.0429030619013471	-0.127628579858336	-0.0213472672434278	-0.0534883434147955	-0.0305709966473598	-0.0633881736944984	-0.0127645835990984	0.0148575088086381	-0.0490769186023428	-0.036831839570354	-0.0137312164472143	-0.0719532351590446	-0.00710739031068118	-0.140535128560146	0.313132959094718	0.257214014594725	0.371615091519608	0.356320002779617	0.194720816641678	0.267195108631377	0.200119190795792	0.230267226036526	0.307681621264954	0.310562844625495
M00087	0.0573427458851008	0.111755386001337	0.00226082332898741	-0.0268697034087971	0.0283089992164931	0.0278674302662378	-0.0570611492112256	-0.0186490102177225	-0.0182883467282943	0.0102285178340317	0.00733806486986604	0.0199469098767336	0.000370199732171309	-0.00947527132556747	0.0140545928180946	0.0545514327234596	0.0182491541800275	-0.00317242223597351	0.0707690452050365	0.030918426956689	-0.0346610650363648	0.0792709973628617	0.0244055799434872	0.00550842429835271	0.0177939964968515	0.00220707112699151	0.0297407416043621	-0.0267878969724702	0.0226900393671576	-0.00620566766004339	0.000566619259740369	-0.0563714244056641	-0.00495371147331968	0.00800870997337089	-0.0335531500835452	-0.0278629156773895	-0.0242598133739438	-0.0278080544383545	-0.017549015961354	-0.0654975061619089	0.164340117548999	0.154827204473099	0.29071061925881	0.228170650719402	0.128883974662454	0.174857885440515	0.182080154449377	0.180701723993269	0.157494247472253	0.181252757714617
M00960	-0.131570610080117	0.0593269595168884	-0.114892567231508	-0.193593823306464	-0.153081503565745	-0.163268318341058	-0.156123312601363	-0.168797428889087	-0.21983939078524	-0.160390185761048	-0.183100790495056	-0.190987215695484	-0.233408253160154	-0.183965270439142	-0.171642872930976	-0.187069737886396	-0.201209026221644	-0.180924251126943	-0.183179925266819	-0.184097048123779	-0.202102768674987	-0.126061591840013	-0.154543561333818	-0.169891366809548	-0.160556082872032	-0.173047723957062	-0.138223978800725	-0.292505731597471	-0.188889808629263	-0.137721849184977	-0.16468883128708	-0.174447111052437	-0.213154917123515	-0.101360464006251	-0.204354298868746	-0.157132119585254	-0.180633167366751	-0.167945719858225	-0.152159448187592	-0.280290985528131	0.106313954042407	0.0478108840810387	0.169244331113943	0.122484028487804	0.124495212689362	0.220730179190464	0.189287754618111	0.0404481227899211	0.0957484010642674	0.117058136479482
M00040	-0.0292027768605192	0.0544659547456341	-0.0453458934333171	-0.0115637708761287	0.0461986456205395	0.0267283917198292	-0.0442762121290263	-0.0347717064433986	0.00810946523486518	0.0315671952969499	-0.0459191821552766	-0.0270205847040967	-0.0100858491329887	0.0102247126391034	-0.0169176731966596	-0.0201759097232045	-0.01599965908757	-0.0508460321655437	-0.00397472347758612	-0.0140589747658236	-0.0445669550517228	0.09249186519635	-0.0414186112912659	0.0113056353307424	0.0227598017347042	0.045556084917098	0.0234671305789032	0.00247259795345579	0.0114160208296802	0.0140610833577716	-0.0358163532221166	-0.0725957219061496	0.0469104697790389	-0.0173335080890209	-0.0135740618650503	-0.0353216119402757	-0.0113816551779084	-0.0217963010434211	-0.0305848832003012	-0.0129859723836384	0.0504659500887194	0.153419763424764	0.111566184364231	0.0811940957272258	0.0897333186061382	0.135721251103403	0.0977345186091351	0.0595229969394378	0.133548266425989	0.138107192212
M00957	0.138552389783518	0.192624176284889	0.15853091066286	0.0819617306069699	0.183633779197911	0.126150501278546	0.0564050587368611	0.0710501990337584	0.137962200600526	0.115770199779554	0.124072404427454	0.122985282569896	0.104731869504603	0.11461869523881	0.0985832329956759	0.15979232490023	0.1129491018689	0.104356485106276	0.16710218302736	0.121145155501508	0.095275464048459	0.189156617055276	0.136868032835979	0.144594161812767	0.126818156032118	0.113440870655905	0.131332163722059	-0.00363005153890578	0.103389061983777	0.138237023739181	0.106278539787533	0.0736503602209486	0.116758724876324	0.0888873033599977	0.0803269150847915	0.122663091819918	0.111111964258748	0.10501136178105	0.116013592849497	-0.01032434566412	0.2983451228428	0.255907573192151	0.357564440409285	0.324402358388044	0.251717946927832	0.301650841892937	0.316555583913937	0.286578285593323	0.289663036200177	0.300767682623728
M00531	0.10416639029832	0.0872235924962905	0.135425415245199	0.0316274792874301	0.133143259904179	0.09426607062867	0.0651565394995307	0.0385309918605876	0.0604470913997015	0.11990811886284	0.0782804997900107	0.0749454322365775	0.0720206289574594	0.121477847632104	0.111691586161191	0.0521726945507131	0.0643730255309591	0.0621269801492772	0.125359420900196	0.122111308576792	0.129258132963849	0.0596183438051715	0.0540281518737508	0.113212165013679	-0.00160029589662302	0.0499267068088596	0.0521077017356142	-0.0116538691706396	0.0830318264083536	0.0180261285438512	0.109313165179888	0.0125149153569029	0.0814364195553567	0.0705859556032684	0.12515318264109	0.112374485683543	0.136951000273539	0.0853713086247074	0.0202015075599885	0.00119822668672326	0.164698191775585	0.163850943769133	0.207900764192236	0.196550725482879	0.147903115874316	0.176568424634778	0.206932597696316	0.226193418002684	0.157178423404766	0.167668707395095
M00117	0.10191061014615	0.251888229723657	0.161330719272377	0.0474737306552822	0.0555796336013194	0.108786492288567	0.154169634880798	0.185488403860219	0.0245131431695981	0.0768529082006591	0.0446985827073949	0.0875886907569633	0.079751848569005	0.122209151399993	0.0686687805511009	0.0635414908160751	0.0602114499762452	0.11250216026921	0.0642497423972262	0.105358857111086	0.0831141700241726	0.202592197372669	0.0739706313105514	0.0972710461578277	0.158860965522325	0.0711602899795244	0.0834483714962612	0.0636194185074496	0.140699004073958	0.0919425759175495	0.0725089968814001	0.0906794180763336	0.0587214429626555	0.115959790315911	0.0650448753945707	0.112451245592883	0.133381958083455	0.185827790199125	0.256757428330144	0.00924060175685562	0.306895358551351	0.30872990295959	0.339636904267258	0.32310356777531	0.274382254918565	0.349436976494554	0.324894883337164	0.187030551666444	0.298831527843945	0.316417463474039
M00533	-0.114084142965527	0.150960983209546	0.108786667226981	-0.0592630644622746	-0.0723892098603999	0.00260285573226972	-0.0962475927123369	-0.057883159355769	-0.138711952570884	-0.117831631517016	-0.0993598580579402	0.0646099204457539	-0.116978334900175	-0.0746065432641695	-0.154705049040488	-0.0202514263586515	-0.159201182039438	-0.17631756694162	-0.00484265152886657	-0.0571792666870191	-0.136270980528749	-0.128300008439606	-0.0170951760408062	-0.126672725849495	-0.143918465827069	-0.0457078729251461	-0.0480610862133116	-0.236006908123179	-0.206986752119925	-0.0491098984539379	-0.109097820436635	-0.0595699083254087	-0.0884373963501824	-0.0255708542444309	-0.188709775120022	-0.143859600739119	-0.0895313713472192	-0.07900677930356	-0.0537567998485523	-0.264010203190002	0.243967099680523	0.257534789219305	0.257257007724431	0.23788989620706	0.163166536617357	0.36769116666913	0.266908711533009	0.186525698670761	0.254556134996956	0.205007746291626
M00939	-0.0416387718909692	0.165107323495847	-0.0557355308623743	0.0108691386425626	-0.0738391874733109	0.0404603059440279	-0.0672323939612664	-0.09325284291515	-0.0624039493790168	-0.0632417238324172	-0.0819364613178985	-0.0564151688431307	-0.0827870209992559	-0.0706887907912624	-0.0699897982281181	-0.0272117183535032	-0.0535672533199748	-0.0291940296491006	-0.0245281009692408	-0.053512752184345	0.0262037559910085	0.000360471691719314	0.054054494638514	-0.0523454823168597	0.0042943471558298	0.0572161958619792	0.0856446828334211	-0.0756360476359082	0.0142599295672935	0.0791822954278201	-0.00978618364292293	-0.0774397206945682	-0.0630136689189662	-0.0523028187796204	-0.0158803797464725	-0.0526921681145505	-0.0185906231319436	-0.00571782332915671	-0.0709458897433845	-0.049719528552008	0.207246901225471	0.143561513815432	0.241727464330356	0.285205911194873	0.189775384353428	0.291736168519725	0.247076118173008	0.205839602651736	0.19890443341499	0.265462908699399
M00615	-0.127542507169706	0.201287585379844	-0.158389281350454	-0.15294995619988	-0.0852762686107964	-0.105035751413418	-0.0114473387892886	-0.137680026962565	-0.10603777355756	-0.175343967116891	-0.152077715425074	-0.132762307325805	-0.228960290594168	-0.171477722196873	-0.152926370791726	-0.179764514023027	-0.125495225171598	-0.126828155314343	-0.134122894381027	-0.120944504754277	-0.180392340354558	-0.132897594769116	-0.0438677703996806	-0.134186895739298	-0.079451966284251	-0.0952061364545245	-0.146548646090265	-0.261356307162837	-0.242201525593995	-0.169605446712447	-0.139326798460222	-0.157674496972259	-0.161222021439262	-0.141559092474478	-0.183732513162324	-0.151765460407063	-0.150447437712488	-0.15698039443651	-0.143391703853173	-0.215220573802091	0.105376316627466	0.13394365865647	0.167925255290157	0.144341709161943	0.129314787646104	0.263759763545064	0.198526590915705	0.215334722990132	0.112652355089878	0.147945764817999
M00879	-0.397474671167466	0.263118670878895	-0.411994144199455	-0.414386743592988	-0.408093879434654	-0.402587623296112	-0.417352911334286	-0.41207608253485	-0.296466288099118	-0.407192557745309	-0.401997667281268	-0.39968700622313	-0.411174760845505	-0.41142057585169	-0.405291588364146	-0.399785332225604	-0.407585861755205	-0.401194671594398	-0.399064274874128	-0.399555904886498	-0.417926479682051	-0.417025157992706	-0.411895818196981	-0.26744973573138	-0.300497729712995	-0.282777993996517	-0.379467580474723	-0.446899875077713	-0.302471701121472	-0.305018578437062	-0.402112380950821	-0.280795620588762	-0.259904299275063	-0.401833790610478	-0.415484717287281	-0.404914672021329	-0.415910796631334	-0.413288769898695	-0.284987759930217	-0.446064104056684	0.172847749532156	0.24446282444683	0.237889311496841	0.236866485546033	0.197566203869733	0.37801429844738	0.339273927520007	-0.0649908165449774	0.2159030326369	0.219414547227768
M00973	-0.2020110169516	-0.213609406425376	-0.253722781331999	-0.259539950129795	-0.130890896348377	-0.230187827287399	-0.150746407924801	-0.252514284997246	-0.279879557933353	-0.241105260277627	-0.224329692512154	-0.21126154570584	-0.245591034808321	-0.246922429075422	-0.230290242231022	-0.211753137435231	-0.236004996085194	-0.219024598432475	-0.206386594389378	-0.205854036682538	-0.269228403796545	-0.218004858477081	-0.256037359057883	-0.122433325180237	-0.230427960486053	-0.270805593928341	-0.265643880769734	-0.329345975703336	-0.251674482459536	-0.261588249002258	-0.222609121459286	-0.255873495148086	-0.230515555106993	-0.224268243545981	-0.248110442421451	-0.231642119486848	-0.262141289697823	-0.256057842046607	-0.25951946714107	-0.32436860944325	-0.182637009524241	-0.19837601501299	-0.0781061765248138	-0.140366456967117	-0.0354798636902257	-0.0708957079984439	-0.156822033831431	-0.0235763042735403	-0.095556992766388	-0.0278822483714405
M00985	-0.212806926018893	-0.0239062136239351	-0.274879865151768	-0.280573249335361	-0.26296062200482	-0.251491934440747	-0.288191734645781	-0.272954764024941	-0.294950068388896	-0.261936632043742	-0.243218095555237	-0.224622437862061	-0.26177279364997	-0.264435167548772	-0.2464129442338	-0.224991074248049	-0.252802641590927	-0.235271933457272	-0.217823144520504	-0.216348598976551	-0.290321633764823	-0.00341860619127167	0.0506073993974784	-0.271562137677875	-0.0123270769962045	-0.247754522998714	-0.222814705738397	-0.338899717518362	-0.271807895268534	-0.283112744438834	-0.239531731695356	-0.274019713584462	-0.249648752510807	-0.24260370157859	-0.259028500554281	-0.25022218688901	-0.280982845319792	-0.00501230696613497	0.0409237081768566	-0.331690828192373	0.0219514283535374	0.00917225344733108	0.178483951936242	0.10987573247335	0.150281464971545	0.0394511803911294	0.1261336228872	0.190436824882995	-0.0210812549224698	0.132831145050447
ko00930	0.0761814388786575	0.0930165382750409	0.0353362545347898	0.0199813870945444	0.09655574416022	0.0630302798394528	0.0391927160745879	0.0498188867162794	0.0432848271774183	0.0626673761168167	0.0668946386497626	0.0807211702287532	0.0186256212162144	0.0622642670434182	0.0354792268019335	0.102969557120373	0.101330861916643	0.0797471305967612	0.0970896061466695	0.0802538436112378	0.0369253360994213	0.176039813705353	0.0693966294272465	0.12648968980545	0.110061857416002	0.0559209000872766	0.055030395916286	-0.0497445739851177	0.116996445088937	0.054220571135252	0.0697221063284394	0.0219712738544258	0.0657705873676535	0.0712933998545678	0.0355442975771887	0.0500395093847943	0.0437516498205781	0.0527311993865788	0.0767453259745317	-0.0907795808732071	0.191947096306328	0.177849107776879	0.232164145812865	0.214836224938738	0.162807618560906	0.159171637843933	0.187673061410494	0.21985446893959	0.200966374762899	0.201794091333172
M00417	-0.164457916470059	0.259464184740288	-0.0545130145112551	-0.210769953976449	-0.195079984613382	-0.179267117317967	0.0424537297110783	0.120836873005677	-0.242702933398148	-0.0360739354643948	-0.177444131321475	-0.171442615625158	-0.202884003317466	-0.0609396390012421	-0.186395197394139	-0.170991989873216	-0.191741257451267	-0.175068104629418	-0.168595480192435	-0.169271418820347	-0.22099096535004	0.0734204123754335	-0.204584091381611	-0.199524793166627	-0.219700537060388	-0.0514492682220644	-0.0655162469636789	-0.300915587353548	-0.204399744483089	-0.0791524474076856	-0.177812825118518	-0.210524158111753	-0.183281783107995	-0.177546546265098	-0.213985783206216	-0.185371047957907	0.00530576818728398	-0.208987933957406	0.0628716501443851	-0.299297431244303	0.296661129827156	0.278267815941353	0.379552015966879	0.343071452902374	0.243003793532974	0.373577373400904	0.321243365323508	0.109298857793494	0.295777403330102	0.308143036501568
M00537	0.100093523664112	0.134459673213633	0.0515237464664202	0.0233833418446645	0.289109971477183	0.0682198126046109	0.0712100822700701	0.0458868685880786	0.273069275645445	0.0711194115393414	0.0766688135987902	0.101571526529772	0.0176126488545618	-0.00025290201762991	0.0500562288361598	0.077028341814344	0.0915900718950812	0.080170962285072	0.0416935252580706	0.0913822345994253	0.141154461827902	0.202164493104169	0.0875342343849167	0.134396138410305	0.0219023631688175	0.0851166693105026	0.1344874185715	0.129161215142847	0.149499865827644	0.123936074138358	0.0847642000658286	0.0296239281423388	0.0177974207272638	0.105209776270078	0.148998782572579	0.0619752291459108	0.0207193613957709	0.0617551806464427	0.0365124036973189	0.147384157224942	0.217625784780218	0.212153721131173	0.238530118761342	0.292341391883264	0.288574999958709	0.264164526347988	0.309472666783316	0.303742339594445	0.229179473976872	0.313853996690573
M00136	0.0400725879609221	0.122307062165933	-0.0552080208129375	-0.00450952002213239	-0.0210845943937824	-0.014687352898234	0.0149787045545876	-0.0501113248709417	-0.0747082576890198	-0.0183716680217009	-0.0570665592731347	0.000596193627544762	-0.000232864355248318	-0.0507701023230595	-0.0225049481388004	0.0258947046063044	-0.0270207135978671	-0.00626311006944629	-0.00890405480083195	0.0374720169896968	-0.107753823429507	-0.0233381667000767	0.0335845177320068	-0.0546320854334545	-0.0381019726783467	-0.0824595435034137	-0.109040774898328	-0.156771937670292	-0.0419231979729227	-0.0837954675602519	0.00967344687783494	-0.00548294768950083	-0.000875409335044384	0.0133507277075162	-0.0885053482658576	0.00889053209466052	-0.0680983932592749	-0.0588455045836831	-0.0449868872530464	-0.216701480188981	0.157323678119811	0.191478217498242	0.254651406992964	0.231380773194445	0.102356545755948	0.319990664542048	0.291145406171766	0.106959698245982	0.182770861784094	0.188003826381511
ko00401	0.0694106480585859	0.104402159408095	0.0209497100220908	0.0533251014444849	0.0332686115546675	0.0750439824337945	0.0644131584088344	0.0644541073573075	0.0319900476403565	0.0942218382098153	0.0273537341126843	0.0475591424281509	0.0340822426385115	0.0401596681230624	0.0336754351246047	0.0260440919457166	0.0587684965636319	0.0554780733833226	0.0545477131375482	0.04331099168062	0.0196931463815695	0.0950332537384983	0.0775758667797811	0.036570506665682	0.0881765987694107	0.109670294755727	0.0421657198095596	0.0195522939970043	0.0482387093946051	0.0948776425255566	0.0311630057712284	0.00607981213342294	0.0908368118605137	0.0514692922716316	0.0356804220704417	0.0826852093960995	0.0526117525819712	0.0343574385370641	0.0642490836794138	0.00963078777026802	0.123516742269947	0.134140561973718	0.114296536534531	0.110643547386147	0.119671243276971	0.142551528549808	0.131413701685549	0.104379324619185	0.146716451013205	0.14160781281029
ko00902	-0.250631782873442	-0.179904376334776	-0.281310522107337	-0.28581607793608	-0.110561012150675	-0.261936632043742	-0.292041936899434	-0.281269562508894	-0.309163049048658	-0.271480218480989	-0.260093450113802	-0.255505975088173	-0.279590218972726	-0.279917895760271	-0.267179460644461	-0.255505975088173	-0.271316380087216	-0.258414106577634	-0.253785671953562	-0.254359106331765	-0.293598401640273	-0.29277920967141	-0.28147436050111	-0.276927845073924	-0.293106886458955	-0.296916129114165	-0.290526431757039	-0.355365476092495	-0.280778047327577	-0.168750442736091	-0.260298248106017	-0.285447441550092	-0.26480380393476	-0.260175369310688	-0.28843749223644	-0.266073551486497	-0.289830118583506	-0.284218653596799	-0.285857037534523	-0.353440374965669	-0.180454625093516	-0.108819803005562	-0.180445913552959	-0.135403378424717	-0.183965425904811	-0.025816788994649	-0.0896927429590312	0.108518571873386	-0.199262371437459	-0.148728105088697
ko00643	0.0685929099605523	0.0700151499290242	0.0178702288870044	0.0181459817286992	0.0891197259916869	0.0447412926630922	0.00601443986038462	0.00491707217559419	-0.0328367390417806	0.0417430864082101	0.0348548961179071	0.0451331259799654	0.023468414126204	0.0207112874393751	0.0624194225550908	0.0752607154825722	0.0729141984806667	0.0378383663379592	0.071098287666113	0.0336152237975168	0.0139338124390171	0.0494559886242291	0.0462580216787784	0.0491693904903462	0.0294917416975734	0.0163524271762231	0.0554430127627414	-0.0904341594755192	0.0462847260666621	0.0398439526509371	0.0379725860389777	0.0153349252865178	0.038642853637035	0.050801054068539	0.0109130656798686	0.0128524690411122	0.0111687083403438	0.00779489098223539	0.0297422106652631	-0.0877888656478872	0.126179232489954	0.099978736707354	0.146149767972526	0.149660416614447	0.118738576431008	0.122229825380652	0.148586940796213	0.235081287692271	0.12225143411896	0.140035487089237
M00616	0.0932616305320225	0.256997382733669	0.127753061828716	-0.092418248491988	0.0496900808061984	0.119630763829953	-0.0360631526675611	-0.0553403884103304	0.121541396564101	0.10914754081547	0.0562129936265092	0.0536122528489298	-0.0422883748973446	-0.035624671251241	-0.0034496039201283	0.0521045874776622	-0.0203289010114923	0.018362380962013	0.0776201851196562	0.112784480344731	-0.0332757055250959	0.249966450652779	0.0677839381309343	0.0782269490684094	0.0824727823016988	0.0889060811077196	0.0318890479430976	-0.134317209717307	0.125680327122101	0.0719809807469993	0.00135198253401713	-0.0498459283784946	0.0249392204466532	0.00785758234609269	-0.00967691741014604	-0.0222298703926557	-0.0906647681145357	-0.0492720939558785	0.0479589318392585	-0.162623014258399	0.327111628447698	0.323122898857269	0.413477142491229	0.370875691216377	0.284667029793528	0.395448502380274	0.341230016319411	0.30155370586432	0.326344726076101	0.341619057785593
M00091	0.0182963541546881	0.0395771172653314	-0.00955176317267846	0.0051291230099736	0.0408228914094754	0.0187844490302609	-0.0199680226394021	0.014271368187557	0.15727308999327	0.00566104967514296	-0.0645250267552125	0.0411050714767847	-0.0171737424968237	-0.00939792162382035	0.037523985562521	0.023052482293138	0.0252178660393337	-0.0458001658963617	-0.0225163538960709	0.0432435906749503	-0.0458998013197265	0.0133993848913794	0.0191364624795845	-0.042885354039761	-0.0248336022656643	-0.0355726288967226	-0.0136146479206772	0.0697110829160262	-0.0607336102496096	-0.0222467780431859	1.4561104169073e-05	0.004228192173784	0.00405948727989134	0.0290893174712097	0.138673860535626	-0.00798760892036719	-0.0198759017408111	-0.000143147898466254	0.0301232136189159	0.0987560254232129	-0.097966731543541	-0.154847403220666	-0.119854146575972	-0.154007973754738	-0.0317683540195382	-0.11355938034796	-0.135906733708969	-0.0110487476569456	-0.110456887822899	-0.0940888210645476
M00730	-0.0471879441291631	-0.190005685635276	-0.0469272009625912	-0.0951870199274397	-0.0930230271175863	-0.0457061028966229	0.0243228212621126	-0.0664911411790926	-0.0854172428096966	-0.0444215017889165	-0.0508442992144795	-0.11989807959159	-0.0695597757333505	-0.0705420823822536	-0.029991221802585	-0.120280398943436	-0.149473212309433	0.10365534255871	-0.0032312475829377	-0.0094266286016494	-0.00138308326144867	-0.0894085137722026	0.0438620091561801	-0.111456681106312	-0.131613239223774	-0.00276261010253012	0.0465962283257897	-0.218574614888417	-0.167387604795957	0.042440680911573	-0.0261820048904324	-0.137275736344974	-0.092963239806623	-0.0508433276295888	-0.0375935996610102	-0.0675295236408366	-0.0720211081074156	-0.0707280436725321	-0.0895254837217819	-0.197849732257425	-0.193030121019199	-0.226018672966591	-0.135256929656967	-0.220464175782321	-0.217451585775775	-0.293180212277076	-0.194536481533152	-0.19392713967596	-0.189951278413481	-0.198201250226091
M00609	0.310824738496731	0.259696084636753	0.296418651297631	0.289379027371427	0.266167379452873	0.295754043829075	0.254102069568998	0.312240022143134	0.24545608097964	0.308153232125948	0.308098201385641	0.269613792212393	0.329029012302443	0.28925742063385	0.313906178619747	0.329129044158801	0.306652566263941	0.304909302099361	0.344439582136333	0.288302849058013	0.26448457983011	0.270137864881974	0.247063850356262	0.270066391757639	0.227855344944296	0.246570550920103	0.248555153447069	0.226036003973807	0.275385678891921	0.253095275993665	0.321419658673846	0.24997091682302	0.333021231077971	0.318434610018142	0.292617411038469	0.306331897108138	0.315826129577444	0.279537027330502	0.261310853536999	0.218344415602117	0.234132177956441	0.211725342994092	0.227733263343154	0.208821899721454	0.200707832160835	0.172898981323849	0.211060063921345	0.192746865619401	0.222030507667956	0.196034668407344
M00651	0.21396266387105	0.156628160109278	0.216589979225784	0.223494040076977	0.232880754012452	0.233212346442299	0.219123425581815	0.212860667918637	0.183408770615244	0.222688697539563	0.24407923396747	0.216974371226227	0.212060216858309	0.233502343639521	0.229431654288122	0.234389148366335	0.172977630318597	0.218019772548208	0.25550643588358	0.173115261360951	0.24595856753766	0.26230342530104	0.23270546618487	0.228604285410483	0.264022845539662	0.229851409714042	0.222194910457585	0.153186618819001	0.174161877759851	0.217326598565697	0.231402798114706	0.187033028605976	0.259571749943086	0.23537357732917	0.198529252548854	0.238978104993756	0.233699469214499	0.223599541830209	0.196868147862539	0.165045755733092	0.150335740024961	0.104491858545241	0.125735773611242	0.116813459372092	0.171994686138006	0.0599858296960462	0.0765481014132836	0.199405645429684	0.131057646336513	0.123232141140721
M00705	0.258826666872491	0.153725984547142	0.343252725874387	0.199515074121733	0.337665429129209	0.311297467233048	0.235028257904501	0.220983635607727	0.298749710649537	0.332119384398452	0.268422441753588	0.293805849966522	0.22712534228902	0.314306715682581	0.308937478116594	0.314162993725582	0.158127707246076	0.220049973108338	0.364930443618889	0.3375982358023	0.336953662655086	0.261164067073295	0.245160956382444	0.257949404851077	0.191924100964824	0.280352665710792	0.243886971617746	0.254733259215718	0.297569378365425	0.26084022733809	0.321784534006436	0.117073764495464	0.305680149942305	0.234549358717164	0.349558864464336	0.279099010453976	0.330995319775422	0.297367176058812	0.246276708490114	0.239385140188976	0.13921782327583	0.120992930187097	0.0409547144381301	0.116132760975667	0.11453010573793	0.110117766039393	0.116636841103478	-0.00372038665223492	0.144612969149349	0.115088589316291
M00570	0.345592508854383	0.384243905850913	0.338810148702434	0.292145721515512	0.249920952855873	0.28977798089496	0.322763966568678	0.333707391747687	0.284914116220627	0.294891738135439	0.473676224429691	0.417988255769768	0.505586364212232	0.487004063089133	0.47982152816881	0.520922923515344	0.504819366279688	0.462762982127395	0.419871994651236	0.51115048510697	0.279632062198998	0.328517182029064	0.328844543228877	0.315939772245915	0.327825740775835	0.326611704688724	0.265872683514349	0.291505427485358	0.257199650160152	0.318664313881318	0.296456877311688	0.288811381983529	0.279909563278047	0.293551791801089	0.230336245009987	0.293263201299968	0.341194173303231	0.287375840710468	0.328939404722641	0.290024925174727	0.0668903767908935	-0.00498612409428323	0.0508600940181301	0.172875391872251	0.0607595208113326	-0.0703453459697995	0.124230494519	0.0569334031183435	-0.0433515600786254	0.0136601476612795
M00636	0.0117742678864817	-0.0339840600059646	0.0386960190451648	-0.0262502592611392	0.0909285631573797	0.0317876346108063	-0.0478421154563937	-0.0221723944994498	-0.16554001899846	0.0556786812747392	0.0975138561485215	0.025966525418623	0.0422696760274986	0.0865865149406573	-0.0907630941170097	0.17094604863683	0.0806289402108814	0.0897136887502683	0.191587214507838	0.0565761697316242	0.00634255934998536	0.00338423770094516	-0.012356261885296	0.0236767863453262	-0.0247884322155911	-0.0337807078921474	-0.0191277179744279	-0.235220379418344	-0.125423009989082	-0.0242582879851631	0.0885235770979054	-0.0125534708721533	0.0659387240638074	0.021435731922292	-0.11568873574416	0.0707481203154041	0.0690601267306033	-0.0271076873991474	-0.0158638502150474	-0.226879056875136	-0.214948835241628	-0.2512475178216	-0.209939908776597	-0.246773684709035	-0.225600818842974	-0.217443504562737	-0.234335445396078	-0.171996473242539	-0.209770332444666	-0.23364716337876
M00019	0.369474606009063	0.424196636455194	0.35853400204365	0.361633600733569	0.313736641748974	0.360294440097027	0.405392770200408	0.419146847117911	0.296575046133866	0.36377381814403	0.508701630463188	0.520939413663394	0.512967261979952	0.505406496662952	0.496946918775302	0.525757346466858	0.514071886542707	0.488846449060393	0.524884544991243	0.519094370066938	0.345363172423072	0.412794257746131	0.35481295366564	0.332108831500236	0.353533643014513	0.405623826081579	0.333044906143226	0.27912313546582	0.323921678021113	0.398157057554761	0.366664960460652	0.363143476725004	0.352000167433056	0.363765942370982	0.296511229359392	0.363558234381112	0.419943004236945	0.360731240408492	0.414419154069814	0.290569188122033	0.118071908204483	0.0428485602501274	0.102472389352069	0.223862268621183	0.115661224291463	-0.0668823548120686	0.174890227989539	0.1094555866966	-0.00241270167998397	0.0587426901481105
M00535	0.453521115615878	0.436114535383331	0.445919071489405	0.437793295783876	0.381943767195073	0.446653484430661	0.442202066979678	0.45847040620723	0.377186810922464	0.457515332995282	0.522608133639361	0.52536824750172	0.487779893893574	0.511133513472167	0.525306784674128	0.525224876668634	0.513835450064147	0.522995435516925	0.525450134777461	0.525429662260061	0.431572799451967	0.462435679315336	0.440663500447364	0.415009754444883	0.445269136592926	0.441013770213451	0.406749605978096	0.338841059399915	0.403214777219866	0.424361841457266	0.464839503631756	0.438972594215693	0.444945175630233	0.457052723439369	0.381053789653916	0.460340880205647	0.450660970939674	0.462201076794474	0.45778214197151	0.373009448588232	0.164023790558776	-0.0382629973566586	0.118892631400454	0.253798385347002	0.122440977531046	-0.0648437576543975	0.197891913042843	0.117871869801734	0.0382198805561004	-0.00628757271701198
M00119	0.329938428139767	0.314492050456957	0.332388291336636	0.317620933640716	0.276744566073888	0.328277855748657	0.33321565371776	0.339279705654213	0.261672732561953	0.327803963588094	0.314744498656234	0.314627715032134	0.306065195973135	0.316362997447944	0.317538811789594	0.305555950607568	0.322344913194158	0.323381300984923	0.279137975186838	0.293379283094644	0.317800205349564	0.333244585801447	0.334114574553515	0.294405756364066	0.33640699794912	0.32054696702609	0.309896978443638	0.295920970790042	0.295759693326885	0.315670401596565	0.315750604365637	0.3187886822768	0.316834939375275	0.317870931171817	0.261765247753604	0.322442825908702	0.321249965054729	0.331604161198223	0.33320473347111	0.309028370948905	0.248450588781502	0.279940308217014	0.26480338046433	0.273765756643429	0.265599959608659	0.231114232351319	0.256252719807538	0.273112624465929	0.224112157734165	0.247495013194931
M00432	0.492347671166109	0.454167641151263	0.47008662731238	0.481813516065741	0.419890256704184	0.483353849887695	0.466193359832808	0.473468063453216	0.393755690291829	0.486565239194208	0.525450159503788	0.525757369334697	0.525777845047352	0.524508915993433	0.52565495987564	0.525695923458268	0.525675462903839	0.525347790935622	0.525716404553886	0.525716398972255	0.452090440080156	0.477250320311636	0.470931487283062	0.441923166116609	0.46910457254298	0.461397421955024	0.436345529006255	0.353773312533596	0.430838828165577	0.448525475006033	0.498411368905922	0.476459286613543	0.47631239570494	0.494268827496436	0.397575752208112	0.489079411265309	0.487971571906102	0.478353430754758	0.474189510145904	0.377204746437666	0.198611362206924	0.0973150605348069	0.165698909070321	0.322298887620703	0.187829723754053	-0.00749478057729222	0.265878414482736	0.156628821587896	0.0741806228321482	0.128457516223927
