pathway	Bger_1	Bger_2	Bger_3	Bger_4	Bger_5	Bger_6	Esin_1	Esin_2	Esin_3	Esin_4	Esin_5	Esin_6	Pame_1	Pame_2	Pame_3	Pame_4	Pame_5	Pame_6	Pful_1	Pful_2	Pful_3	Pful_4	Pful_5	Pful_6
ko03050	0.522891121	0.520985341	0.522028644	0.53025814	0.530396804	0.519612667	0.393732373	0.422872818	0.4319233	0.389618874	0.419869495	0.399089882	0.510487978	0.517263586	0.520393458	0.518792255	0.514592552	0.512129301	0.522963315	0.516422638	0.519485258	0.531861961	0.523022252	0.523160079
ko03010	0.526732911	0.525795993	0.536004728	0.52023198	0.519942306	0.531253812	0.394987356	0.409064409	0.41293973	0.388489086	0.404585342	0.399888691	0.537088554	0.538077669	0.554923371	0.53416431	0.545621614	0.542983919	0.521899149	0.521629355	0.52849903	0.517305878	0.521219727	0.513977404
ko03018	0.206652411	0.181600028	0.183857832	0.196668019	0.191136802	0.212405677	0.120146659	0.169557211	0.149332491	0.129522144	0.149079236	0.142412661	0.220413828	0.215839991	0.212618268	0.221837159	0.221773412	0.197339151	0.239220561	0.221503103	0.227849838	0.236980255	0.23071887	0.230734054
ko00190	0.522017079	0.534519763	0.542333157	0.543425897	0.526076435	0.532315369	0.415083916	0.412129041	0.427848154	0.399708889	0.40605701	0.394410084	0.569722339	0.568791141	0.579031493	0.568638449	0.568190959	0.568520494	0.562815629	0.562512686	0.563788471	0.562812971	0.5562406	0.561031769
ko04150	0.064156458	0.071348345	0.04878112	0.078515347	0.06022095	0.067207934	0.036231811	0.043408995	0.039855747	0.044199308	0.017862499	0.025654297	0.107296441	0.094976756	0.094092199	0.103182279	0.097336981	0.075285131	0.093707253	0.078186931	0.089885998	0.098417899	0.093071491	0.097556259
ko00052	0.250319182	0.288771498	0.291339533	0.300801407	0.285313127	0.247428734	0.19812665	0.179525221	0.187311092	0.181479963	0.144497436	0.141674897	0.278187296	0.24746385	0.265951971	0.259854225	0.228961362	0.250848804	0.285115669	0.261381984	0.288860531	0.272969499	0.2507587	0.298881381
ko03060	0.355670138	0.361066105	0.373197801	0.379163231	0.375634023	0.351846668	0.299100566	0.315187794	0.326725613	0.299869811	0.304787186	0.298332672	0.415076114	0.422080717	0.427227574	0.419230295	0.409851096	0.411879432	0.417390923	0.407498701	0.401726571	0.409970466	0.403361762	0.414033427
ko00220	0.197612849	0.20968559	0.191916352	0.193843989	0.148112912	0.193867299	-0.099044529	-0.165799461	-0.168149483	-0.165802672	-0.165908198	-0.138477078	0.119958051	0.07283504	0.187499942	0.071238387	0.074749051	0.075644311	0.175947101	0.129046835	0.238554119	0.16580896	0.205500879	0.181541376
ko04122	0.080761034	0.076620626	0.06025045	0.115712331	0.053467568	0.100196523	-0.095216408	-0.026010277	-0.076222935	-0.107628236	-0.043654075	-0.023872584	0.047638791	0.075564183	0.108790657	0.111492839	0.065706756	0.074592016	0.022726217	0.020052625	0.062939081	0.043675387	-0.008660068	0.091490955
ko04980	0.167454655	0.215600809	0.152197032	0.16114814	0.148986346	0.179504607	-0.119046066	-0.075704394	-0.097691239	-0.125413715	-0.144558319	-0.09776058	0.240831048	0.257703723	0.316228916	0.293668097	0.276769696	0.276626197	0.153186255	0.145085351	0.172431655	0.147396343	0.166155054	0.165321142
ko00730	0.020242017	0.10949948	0.064824719	0.04423548	-0.010180016	0.061139698	-0.045643648	-0.077042087	-0.064307601	-0.06025905	-0.013624812	-0.042680249	0.058957954	0.035530267	0.087467875	0.038075683	0.008692854	-0.004429744	0.032635456	-0.021455582	0.033218269	0.023050305	0.01042135	0.039182885
ko00860	0.252138183	0.286756944	0.265024074	0.267281297	0.244153657	0.280997032	0.120312009	0.068953522	0.1003121	0.107669447	0.079970109	0.089612014	0.202108497	0.200424881	0.2127224	0.201804875	0.192239062	0.196516145	0.164331059	0.140673561	0.172406496	0.163284206	0.130571978	0.1800367
ko03030	0.143993921	0.043117781	0.033806767	0.043559609	0.01026863	0.153524065	-0.032536198	-0.029552719	-0.012190511	-0.081357763	-0.036634475	-0.026426638	0.093839196	0.132460515	0.089877787	0.094016408	0.190848378	0.085404171	0.079120457	0.053154048	0.068610681	0.053306142	0.14528953	0.038823935
ko02010	-0.010101793	-0.003195767	0.029581821	0.070234955	0.037610584	0.000397505	-0.039985315	-0.038589336	-0.03234511	0.008464001	-0.050146434	-0.007577215	0.010979632	0.017077825	0.020815785	0.040526576	0.006761802	0.023045987	0.009475181	-0.013722392	0.003393779	0.024638356	0.008319886	0.013919657
ko00400	0.189890519	0.296241665	0.23400512	0.345544953	0.316378766	0.21006878	-0.195523585	-0.106548298	-0.105775235	-0.053079944	-0.085659748	-0.116962514	0.016649336	0.038363635	0.021255737	0.0100932	0.033320095	0.177145533	0.157841992	0.135468968	0.212811734	0.0579737	0.076906504	0.060481545
ko00290	-0.217075218	0.017166045	0.020211216	0.158182695	0.066521161	-0.009633414	-0.109124579	-0.167774778	-0.178471063	-0.20864839	-0.222947291	-0.304980027	0.070856307	0.131285141	0.060062539	0.009314119	0.068191575	0.05808041	0.117614909	0.10112729	0.11410632	0.09869506	0.078730277	0.056334903
ko00910	0.327052623	0.266574251	0.232533221	0.283282075	0.347093003	0.216812969	0.211788375	0.085283954	0.223564106	0.140765999	-0.121804208	-0.144019568	0.403926301	0.403854353	0.388697728	0.402730998	0.359579419	0.386699674	0.46288332	0.441660006	0.444307983	0.474796203	0.412874003	0.451900433
ko00360	0.239152908	0.317947795	0.329128178	0.290420446	0.352959968	0.199803827	-0.021784844	0.020612199	0.035641283	0.056387616	0.03673362	0.013290849	0.114267375	0.135479814	0.11512149	0.100377667	0.107967846	0.193062262	0.183847813	0.168277929	0.214761741	0.125233418	0.137856551	0.140237801
ko04214	0.076922838	0.070758729	0.065606146	0.085353549	0.064494325	0.062061845	0.197665423	0.193223716	0.193857068	0.19318236	0.210302063	0.194645417	0.170854562	0.172110484	0.15710308	0.169686266	0.174618427	0.148496687	0.134451323	0.123827156	0.122344407	0.130805014	0.13057179	0.119954361
ko00534	0.005574788	-0.022645029	-0.040848962	-0.023583759	-0.021466123	0.011886271	0.107074442	0.080065147	0.133496629	0.080286534	0.17576035	0.138917116	0.00568628	0.001258054	-0.011248794	0.016343367	-0.006966506	-0.019415856	-0.173778695	-0.211231642	-0.222199733	-0.171124097	-0.189021768	-0.178225229
ko00511	0.013790146	-0.043529507	0.024537185	0.028688711	0.005670837	0.001006526	0.130263001	0.13190553	0.135149929	0.159072894	0.168315389	0.169889051	-0.072780588	-0.018593761	-0.15813584	-0.037781905	-0.1326696	-0.075616015	0.060324802	0.060116007	0.027380394	-0.046819444	0.022241852	0.052851379
ko04820	0.119124233	0.121519724	0.111115143	0.124618106	0.13510524	0.094074938	0.271640524	0.200021503	0.210977247	0.257574645	0.280473993	0.262825471	0.180883775	0.19818309	0.171247376	0.17069446	0.180777353	0.175890404	0.174963643	0.185504384	0.174627698	0.166710312	0.194747449	0.163183744
ko00512	0.138656035	0.099596647	0.096710708	0.104889029	0.088883377	0.086412576	0.185293894	0.208354072	0.214567336	0.198270259	0.185833809	0.166309883	-0.035358976	-0.020938561	-0.056079056	-0.044067489	-0.033459842	-0.063636426	0.031397496	0.032001679	0.053565446	0.075549919	0.046941312	0.03460436
ko04136	0.160593717	0.148595404	0.119097863	0.171186647	0.149020702	0.166325278	0.215974098	0.233848148	0.222781095	0.205345376	0.208699891	0.215234683	0.190644281	0.19034519	0.180133328	0.191376278	0.172701335	0.155536778	0.169479222	0.148757757	0.179618297	0.215376275	0.176204535	0.190650227
ko04391	0.079649485	0.063928646	0.053032602	0.074565936	0.080485745	0.074919989	0.122233404	0.107233295	0.119125379	0.12459936	0.122855165	0.122516522	0.057480116	0.066527299	0.035115402	0.073160833	0.065609888	0.054979008	0.024705809	0.037785193	-0.002218084	0.040334975	-0.000664742	0.021300455
ko00500	0.091797561	0.150623657	0.128470297	0.175815952	0.128307328	0.106550997	0.195189808	0.190298261	0.188107923	0.172072634	0.180995541	0.168530151	0.08514979	0.051100091	0.091984677	0.089754034	0.039409777	0.044192664	0.111981878	0.069028483	0.123569818	0.107159508	0.108949326	0.125930272
ko00531	0.05137426	0.009350919	0.062908919	0.054080051	-0.010503008	0.098666218	0.191017729	0.211169881	0.280159916	0.256943046	0.238242236	0.175258048	0.073396373	0.079009884	0.010894424	0.066032032	-0.04024717	0.114490512	0.127902125	0.10324706	0.088853754	0.089806903	0.022921497	0.142360346
ko00515	-0.255843157	-0.345808862	-0.322772035	-0.358485475	-0.319240765	-0.302678412	-0.049345496	-0.00585563	-0.024190241	0.024552429	-0.025679404	0.004684748	-0.383740242	-0.388783904	-0.317753727	-0.348410332	-0.392984955	-0.347574276	-0.251562421	-0.273033022	-0.296454165	-0.263787368	-0.29384926	-0.286556926
ko00340	0.096863926	0.211372304	0.14835712	0.113743136	0.11996647	0.189958522	0.290290577	0.300837442	0.287486397	0.318745412	0.326543979	0.32562174	0.063779594	0.131383747	0.170277468	0.111349689	0.144835164	0.088879889	0.118981037	0.169396683	0.200880434	0.08357862	0.229088215	0.169429331
ko04082	-0.285801799	-0.270459702	-0.28946652	-0.261836768	-0.280127436	-0.257941508	-0.124964076	-0.135232119	-0.16628829	-0.172283514	-0.146490119	-0.136358068	-0.23330742	-0.220700398	-0.216484449	-0.228878386	-0.205886382	-0.2316561	-0.226855159	-0.211376343	-0.215400839	-0.201729536	-0.184201131	-0.216974422
ko04068	0.071805474	0.04900834	0.009750975	0.046232352	0.044292936	0.053696963	0.090078505	0.10072317	0.096160139	0.097524889	0.062654022	0.097061569	0.022009226	0.036988935	0.017923065	0.030242395	0.037470297	0.003299387	0.015939169	0.004732573	0.014739096	0.027140187	0.038253998	0.011952207
ko00562	0.019686648	0.027280337	0.016519797	0.031264446	-0.008275005	0.026435424	0.086325901	0.073205412	0.102527508	0.094915507	0.058550716	0.06312391	0.03392942	0.035430195	0.047079561	0.045671474	0.008130871	0.019863202	0.056245612	0.018948441	0.034497003	0.052316788	0.036661456	0.062032168
ko03273	0.547065312	0.490827511	0.477463899	0.50946881	0.538599967	0.501140418	0.607015045	0.589620593	0.59643768	0.582011768	0.593731167	0.593257507	0.517501998	0.531727865	0.484285998	0.525394912	0.50439398	0.515791742	0.49274059	0.50885262	0.471297478	0.520873831	0.529129335	0.486638164
ko03272	0.212999502	0.218724207	0.230402982	0.211760666	0.223844328	0.203872202	0.340338335	0.288629423	0.296770768	0.313584919	0.331782288	0.344514266	0.188413419	0.196899561	0.173235241	0.174678561	0.191844672	0.169577109	0.200037219	0.206487386	0.187985397	0.200344082	0.216704414	0.188621622
ko04392	-0.149912858	-0.146485918	-0.165782942	-0.135602359	-0.144534751	-0.134100407	0.02304313	0.015226305	0.025049355	0.012089534	0.020831077	0.027547238	-0.084751751	-0.093209791	-0.1124885	-0.077009966	-0.087122214	-0.115246956	-0.147381758	-0.125116584	-0.155259339	-0.123848428	-0.170112574	-0.132157705
ko04081	-0.085871119	-0.085031244	-0.105776996	-0.08503013	-0.096765436	-0.101282034	-0.025662325	-0.009622712	-0.018072955	-0.022429527	-0.031527924	-0.018497908	-0.041226833	-0.045093915	-0.055422342	-0.048779658	-0.061258304	-0.076196619	-0.080272394	-0.087604161	-0.090558657	-0.073834283	-0.074348822	-0.078248608
ko04070	0.017388727	0.011116513	-0.009140352	0.017910552	-0.005196703	0.013799193	0.046780077	0.066582364	0.077729642	0.06489016	0.033512459	0.060430911	0.008622094	0.011066719	0.007711239	0.025083566	-0.018328195	-0.003948212	0.001525111	-0.020679256	-0.017986457	0.008268695	-0.010938574	0.008188385
